창작물 속으로	제울	36.85M명	1548회차	1.97M회
이세계 검은 머리 외국인	김갈비뼈	18.34M명	1785회차	1.08M회
마녀의 도시	섦게지는꽃	17.03M명	624회차	1.03M회
미래에서 온 연애편지	알콜중독	8.21M명	396회차	817.2K회
악당영애 길들이기	미츄리	9.92M명	516회차	795.5K회
전지적 1인칭 시점	고속도루	8.54M명	270회차	792.7K회
메인 히로인들이 나를 죽이려 한다	김마모	11.13M명	496회차	786.4K회
아카데미 야겜에 빙의했다.	사탕꽃	10.81M명	509회차	749.9K회
천하제일인의 소꿉친구	우비람	11.00M명	252회차	698.3K회
판타지 세상에서 작가로 살아가는 법	두부두부	10.78M명	374회차	611.3K회
대마법사였던것은 다시 대마법사를 꿈꾼다	day2day	6.89M명	413회차	608.0K회
용사 파티 때려치웁니다	NariaTa	9.60M명	300회차	590.1K회
세계수를 따먹다	야명	7.11M명	321회차	507.9K회
회귀자와 맹인 성녀	papapa	5.99M명	279회차	500.0K회
금모태양전	별꽃라떼	6.02M명	589회차	497.7K회
이세계 밀프 헌터	오곡전도사	8.74M명	573회차	494.0K회
주인공이 빌런임	꽃의폭풍	7.21M명	515회차	474.3K회
미친년은 아니야	점마구고가	5.92M명	250회차	466.1K회
살육에 미친 스트리머	탈기	6.71M명	610회차	458.0K회
이세계 척척석사 노루	고블린파트장	5.08M명	912회차	441.8K회
절대 엘드미아 에가를 건드리지 마라	Muinarbiv	5.74M명	267회차	441.1K회
매도당하고 싶은 엘프님	사육실장	6.89M명	242회차	439.9K회
종말 후 외톨이 갤러리	조무송	5.93M명	143회차	432.4K회
ntr 게임에 빙의한 전직 용사	르닉	6.08M명	153회차	426.0K회
용사 키우기	점선	6.26M명	330회차	424.7K회
모르는 만화에 빙의했다	티치	5.26M명	175회차	418.7K회
소설 속 회귀자를 따먹음	김리신	7.32M명	629회차	405.3K회
무림계 귀환자의 게임방송	희귀한테디베어	4.67M명	473회차	400.9K회
감옥학원에서 나만 힐링할거다	미츄리	3.75M명	287회차	391.2K회
병주일지	운좋은사람	4.80M명	280회차	375.7K회
무선 연결 오나홀로 따먹기	하루3딸	7.85M명	300회차	361.7K회
아카데미 주인공, 방해합니다.	자기반성중	4.54M명	346회차	355.9K회
아포칼립스 사이비 교주	지팡이	5.29M명	239회차	354.4K회
아카데미 최강의 매점아저씨	월하야상곡	4.78M명	229회차	344.0K회
주술사는 초월을 원한다	노백곰	3.26M명	330회차	334.2K회
창염의 피닉스	별꽃라떼	4.40M명	1161회차	330.3K회
미궁기담	ask8	3.50M명	417회차	324.9K회
아카데미 히로인 오른쪽 대각선 뒷자리	사리망	3.43M명	196회차	315.2K회
이세계 마왕 생존기	김갈비뼈	4.10M명	279회차	309.7K회
진화하는 우주괴물이 되었다	공포의거북이	3.50M명	209회차	306.4K회
소설 속의 몬스터가 되었다.	야농곰	5.42M명	406회차	296.9K회
아싸 찐따 네크로맨서	신채화	3.79M명	156회차	294.2K회
엘프의 노예기사	설차	4.34M명	435회차	288.0K회
무협지 안으로 들어와버렸다.	천년환희	8.01M명	1305회차	285.8K회
주인공의 여자를 빼앗는 방법	소설망원경	3.72M명	490회차	281.7K회
주인공의 키다리 아저씨	말물말물	3.01M명	257회차	274.5K회
돌아온 게이머	카페인의○○	5.31M명	339회차	266.0K회
예수천국 불신지옥	막쓰는계정	2.31M명	291회차	263.3K회
최면어플이 가짜였다	발발타	4.25M명	316회차	252.4K회
아카데미 선비의 생활일지	가짜선비	3.17M명	142회차	249.2K회
자칭 천마를 주웠다	오리너구리	3.08M명	293회차	242.1K회
이세계 치트 하렘	한소네	4.22M명	349회차	241.5K회
마법소녀물 야겜 속 최종보스가 되었다	송아송아	4.02M명	408회차	239.1K회
히어로가 집착하는 악당이 되었다	서은하	3.25M명	86회차	236.8K회
근본 모를 세계로 왔다	후지와라	3.06M명	121회차	228.8K회
야겜 속 최종 보스의 계약자가 되었다	비빔밥	3.15M명	346회차	227.0K회
용사파티 탈퇴 이후의 세계	말물말물	3.65M명	192회차	226.0K회
성녀가 된 넷카마는 흑역사를 덮고 싶어	초계탕	2.74M명	162회차	225.3K회
용사 아카데미의 삼류 악역이 되었다	피터빠커	3.71M명	154회차	223.8K회
내 휴대폰에서 군단이 자란다	아르무	2.64M명	252회차	223.0K회
세계 최강 딸내미	쥐돌이	3.49M명	228회차	221.9K회
일편독심	천사같은	2.42M명	356회차	220.6K회
나의 일러레님!	가을입니다	2.73M명	152회차	208.0K회
방송을시작합니다	대체로맑음	2.63M명	806회차	207.0K회
괴물서커스단의 단장이 되었다	고사리동	2.06M명	237회차	204.1K회
닉네임을 잘못 정했다	꽃의폭풍	2.33M명	268회차	199.5K회
은퇴한 회귀용사의 두 번째 구원신화	TFSS	3.56M명	209회차	198.9K회
악역 영애가 되긴 싫어	십삼중수소	1.27M명	345회차	197.7K회
남녀역전세계의 걸레	네프로래피스	3.15M명	317회차	197.3K회
마법소녀 최면물	NTK　	2.72M명	299회차	196.0K회
환생자 사용 설명서	꿀딱	2.38M명	162회차	186.1K회
역전세계의 성좌님	성좌조아	2.57M명	326회차	183.4K회
수상할 정도로 경험이 많은 회귀자	개구리장군	2.62M명	270회차	180.9K회
아카데미 경비원으로 빙의당했다	배가연	2.21M명	206회차	180.2K회
만화 속 금태양이 되었다	happylazy	2.42M명	148회차	178.9K회
이 회귀자는 무료로 해줍니다!	노묘	2.71M명	253회차	177.4K회
용사들이 전부 내 제자	퐁당	2.52M명	285회차	177.0K회
최흉의 대마왕	잉여잉여잉여킹	2.52M명	1326회차	175.7K회
이세계는 AI와 함께	물랑말랑	3.30M명	390회차	172.3K회
용사는 너희에게 실망했다	빨강떡	3.28M명	289회차	170.7K회
히로인을 강탈한 악당이 되었다	손가락부러짐	2.08M명	220회차	170.6K회
마법대학 신임교수의 연구생활	케오제	1.57M명	256회차	170.4K회
용사의 스승은 마(왕)녀님	별꽃라떼	1.53M명	275회차	170.1K회
여포군으로 천하통일까지	설차	3.16M명	368회차	170.0K회
떡협지에서 검을 수련함	오라매	3.17M명	119회차	169.3K회
S급들이 내게 집착한다	티모원딜	3.12M명	112회차	169.2K회
로판 속 공무원	보르지긴	1.94M명	68회차	168.8K회
역전세계의 영웅육성학원	김리신	2.99M명	199회차	168.1K회
악신에게서 살아남기	SirLogan	1.43M명	398회차	167.8K회
내가 왜 공주님이야...	페레루	2.54M명	349회차	166.8K회
히로인 네토리	탄제린	2.42M명	280회차	166.8K회
악역 돼지 백작의 엔딩은 파멸뿐	반숙고구마	2.66M명	259회차	164.9K회
무협지 속 주정뱅이가 되었다	눈작	2.26M명	124회차	163.3K회
경성의 헌터 아카데미	전자강시	1.24M명	222회차	160.1K회
진짜 다 따먹음	존잘인생	2.80M명	243회차	158.9K회
1회차 히로인이 조교를 기억함	사워크림	2.49M명	202회차	157.3K회
날 차버린 소꿉친구와 전 여친이 같은 반이라 곤란하다	몰루	3.09M명	200회차	155.6K회
조조군으로 천하통일까지	설차	1.75M명	281회차	155.4K회
악녀를 갱생시켜라	오당티	1.59M명	113회차	152.8K회
니 여친 쩔더라	민트초코주먹밥	2.69M명	196회차	152.7K회
여자들이 나에게 최면어플을 사용한다.	민트초코우유	2.37M명	260회차	152.1K회
전부 조교해서 타락 시켜버립니다	브마브마	2.55M명	288회차	151.2K회
전직 암살자는 귀족영애가 됩니다	가나다람쥐	1.64M명	290회차	149.9K회
마왕가 비선실세	퐁당	2.65M명	341회차	149.2K회
여자친구님이 너무 잘해줌	AloEN	2.04M명	131회차	149.0K회
헌터 길드에서 전역 당했습니다	아자토스트	3.56M명	251회차	148.7K회
전생마왕의 합리적인 생존전략	미카엘대공	1.52M명	266회차	148.5K회
존잘이 가문을 숨김	점선	1.70M명	215회차	146.6K회
회귀자가 기연을 분양함	훈제송아지	2.01M명	333회차	144.8K회
능욕 아카데미의 순애충	가화만사성	1.97M명	151회차	143.1K회
방구석 성좌가 되었다.	노랑머리고구마	2.19M명	457회차	142.8K회
너의 페티시가 보여	운달	2.65M명	368회차	142.8K회
욕망 실현 어플	충천	3.27M명	241회차	141.4K회
■■을 위한 세계는 없다	샤이닝	1.32M명	207회차	140.8K회
중세 하수도에서 악어로 살아남기	쿠루리온	1.51M명	154회차	140.7K회
검황, 자작가 영애가 되다	베르챠프	2.35M명	245회차	140.6K회
오, 이예르! 이예르폴!	최노은	1.91M명	125회차	140.1K회
~주종역전세계~ 주인과 노예가 거꾸로된 정신 나간 이세계로 소환 당하자마자 은발미소녀 주인	야한	1.96M명	301회차	138.2K회
주술, 요괴 하렘	카유오니	1.76M명	118회차	132.4K회
절대 타락시키는 용사, 절대 타락하지 않는 성녀	신맛포도	1.01M명	206회차	132.3K회
아카데미의 가챠중독자	그림	1.44M명	343회차	130.6K회
101번째 용사가 되었다	헤르베트	1.85M명	243회차	129.6K회
길바닥 마법사	파커Q	1.24M명	233회차	129.6K회
밀푸색마	라우라스	1.99M명	368회차	129.2K회
무림에서 카드로 살아남기	과일바구니	1.39M명	228회차	129.2K회
내 맘대로 이세계 최면!	카마디	3.53M명	540회차	129.1K회
이세계 무공 암살자	르닉	2.18M명	251회차	129.1K회
자해하는 미친 븝미	곰팡이음식	1.55M명	319회차	128.9K회
이종족 전용 남창이 되었다	뒷집소년	1.78M명	252회차	128.8K회
따님말고 어머님R	빈둘	2.11M명	178회차	127.4K회
반지하 오크	파커Q	971.8K명	271회차	127.2K회
로판 속 악녀의 호위기사가 되었다	르밀리옹	1.79M명	181회차	126.6K회
속물용사의 구원여관	이야스	1.63M명	244회차	125.2K회
나작소 작가에게 감금당했다.	papapa	1.40M명	216회차	124.0K회
기억상실에 걸린 마녀를 주워버렸다	레몬민트	1.87M명	201회차	123.6K회
시아넬라 백작가 남자 노예	troublesome	2.10M명	235회차	123.6K회
우리 집 메이드는 학교 제일의 미인입니다	S004	2.43M명	151회차	123.1K회
엔딩 직전 마왕에게 매수당했다	티치	1.58M명	179회차	122.6K회
악의 조직 엑스트라 A씨	양자통신	1.31M명	355회차	122.6K회
이 세계는 남자한테 너무 가혹하다.	네프로래피스	1.81M명	324회차	122.0K회
신성 아카데미의 망나니는 마왕 아들	테라P	1.88M명	444회차	120.7K회
히로인 어플	LazyManX	3.03M명	313회차	120.3K회
아카데미에서 살아남기 위해 XX한다	한글공작	2.20M명	350회차	120.2K회
악질 저격러	건전낭자	1.64M명	102회차	119.2K회
이세계 블랙기업 스미스	깡나무	1.66M명	431회차	118.1K회
해킹해서 BJ들과 친해지기!	오오오오오옥	2.68M명	161회차	117.5K회
사이버펑크 게임 속 칼잡이가 되었다.	TeaAn	1.79M명	156회차	117.1K회
북부대공녀의 소꿉친구가 되었다	밤이오는잠	1.75M명	124회차	115.2K회
여주인공의 시한부 언니가 되었습니다	메에론잼	1.29M명	156회차	113.5K회
무림에서 작가로 사는 법	백수경	1.87M명	242회차	113.0K회
미궁도시의 독재 영주	별꽃라떼	1.32M명	165회차	112.2K회
이세계 금태양 인큐버스 마법사	마시멜로U	1.49M명	375회차	112.1K회
인성파탄 히어로	GoSoon	1.34M명	159회차	111.6K회
빌런인데 사람들이 좋아한다	겨울엔아아	2.34M명	700회차	110.9K회
그냥 몬스터만 죽이고 싶음	자돈	1.61M명	370회차	110.5K회
이능력배틀물 보이스피싱	릿테	1.10M명	170회차	110.5K회
소설들로 들어갈 수 있다	키작남	1.43M명	311회차	109.5K회
이세계에서 남의 여자를 빼앗는 말이 되어버렸다	JMipMi	1.74M명	383회차	107.3K회
옥탑방 엘프	파커Q	899.0K명	158회차	107.1K회
영웅 소녀 전쟁	리그너스	1.79M명	436회차	106.7K회
바람과 별무리	whitebean	656.2K명	2320회차	105.4K회
곤륜선룡 ~백무학관 천하제일 기연폭격기~	별꽃라떼	1.25M명	199회차	104.9K회
전직 용사 스트리머	설탕공예	1.37M명	227회차	104.2K회
얀데레 성좌를 피해라	앤비즈	1.73M명	330회차	104.1K회
빙의된 소설에 뒷설정이 너무 많다	김억또	1.31M명	151회차	103.3K회
내 버프는 마약이다	살녹	1.57M명	249회차	102.8K회
용사는 여마왕의 아들이 되었다	해망생글	1.44M명	422회차	102.3K회
친구 하렘이 나한테 집착한다	_172	1.61M명	90회차	101.9K회
나쁜말 해도 되는 인방	댕댕콘	2.01M명	270회차	101.5K회
전 남친이 품절됐다	막둥둥이	1.77M명	173회차	100.9K회
아카데미 차석이 되었다	윤매미	1.50M명	219회차	100.5K회
제우스 엑스 마키나	별꽃라떼	1.54M명	190회차	100.3K회
토끼공듀님 뭐하세요?	프세	1.20M명	339회차	99.5K회
인간이 아니니까 괜찮아	괜찮을지도	1.22M명	608회차	99.5K회
집착에 질려 회귀했다	대전차지뢰	1.95M명	165회차	99.1K회
여주인공의 스승으로 전생했다.	김쓰랄	1.80M명	304회차	97.7K회
새 가족이 너무 잘해준다	가화만사성	1.84M명	256회차	97.7K회
떡타지의 성전사가 되었다	레니쟈응	1.24M명	439회차	97.6K회
용사 파티 추방했습니다	로르텔	1.55M명	274회차	97.5K회
로맨스 판타지의 악당이 되었습니다	G식이	1.27M명	128회차	97.4K회
그 남자의 101번째 배드엔딩	아리앗	1.38M명	166회차	97.0K회
역전세계인데 안 나감	크라임씬	1.63M명	178회차	96.7K회
고블린 기사	4평	838.2K명	174회차	96.1K회
자고 일어나니 여자가 되었다	굉장히엄청난	1.54M명	373회차	96.0K회
초인 망상러 - 일상생활 가능하세요?	카마디	2.23M명	815회차	95.8K회
빙의자는 주인공을 꿈꾸지 않는다	민중이	1.66M명	223회차	95.0K회
블랙 사파이어	쿠우울	1.04M명	866회차	94.8K회
뚝배기 깨는 성녀님	로르텔	1.33M명	221회차	93.4K회
잘나가는 여자들이 내게 집착한다.	romanzo	2.43M명	690회차	93.2K회
댕청 마녀는 조용히 살고싶어	그림	1.10M명	254회차	92.6K회
마법소녀물의 악역 보스가 되었다	악의여간부	916.8K명	182회차	92.0K회
이세계 러시아 대학원생이 못 죽음 - 죽지 않는 병사 이반 -	khaloff	603.0K명	349회차	91.4K회
서큐버스 시스템	맛잘알	2.18M명	307회차	91.3K회
빡대가리 용사파티의 용사가 되었다	못잊음	866.2K명	73회차	91.3K회
역전 메스가키 인방	주스타	1.24M명	213회차	91.2K회
내가 만든 캐릭터에 빙의했다	곰AI	1.22M명	271회차	90.8K회
로그라이크 게임의 캐릭터가 되었다	mayve	1.14M명	164회차	90.5K회
그냥 한잔할까요?	망크빵	1.10M명	355회차	89.5K회
저주받은 해적선장과 빡대가리 해적영애	갈비찜	626.6K명	280회차	89.4K회
아카데미 최약체는 마족 한정 먼치킨이 되었다	치킨소년	1.31M명	94회차	89.0K회
사고방식 자체가 다릅니다	죄악	1.23M명	141회차	87.1K회
수상할 정도로 사이가 좋은 남매	백석주	1.17M명	256회차	86.7K회
야겜에서 검 한자루로 살아남기	카유오니	1.52M명	166회차	86.4K회
귀환했지만, 총을 놓을 수는 없습니다	남십자성	940.2K명	108회차	85.8K회
슬라브식 스트리머	체이싱	1.19M명	57회차	85.3K회
전 여친이 기사단장으로 부임했다	김선인장	1.70M명	182회차	85.1K회
내가 만든 설녀가 되었다	야시장	1.16M명	91회차	84.5K회
미친년인가?	굉장히엄청난	1.20M명	216회차	84.5K회
히로인이 히로인을 공략함	로르텔	1.21M명	332회차	84.4K회
아니, 예림이는 처녀가 아니라니까요!	샤르아이스	1.41M명	315회차	83.9K회
남녀역전 금태양 인방	애기펭귄	1.16M명	93회차	82.4K회
고기 굽는 망자 성녀님	두릅나물	947.2K명	144회차	80.9K회
따먹히는 순애 금태양	구다수	1.31M명	177회차	80.8K회
마법사가 살아남는 법	좆돌청년	1.06M명	166회차	80.4K회
플레이어의 세계	유부덮밥	785.2K명	275회차	80.2K회
용사파티 버림받은 사제	너울2	1.03M명	84회차	79.9K회
도네하지 마라	망크빵	797.3K명	110회차	79.7K회
세상이 멸망한다는 계시를 받았다	흔한닉네임6974	1.42M명	195회차	79.4K회
아카데미 천재의 라이벌이 되었다	퐁당	1.30M명	238회차	79.4K회
던전 속 확률 조작범이 되었다	조노비치	1.27M명	241회차	78.9K회
여긴 상점이지 모텔이 아닙니다	나선시계	1.03M명	124회차	78.7K회
구라 안치고 진짜 엑스트라	김갈비뼈	731.0K명	68회차	78.4K회
6명이 25명 될 때까지 못 나감	챠낙	905.3K명	191회차	78.2K회
회귀했는데 역전세계	해망생글	1.22M명	197회차	77.5K회
마약 소꿉친구가 되었다	무시야	724.5K명	59회차	77.1K회
소설 속 SSS급 주인공이 되다.	아스텔페임	1.52M명	339회차	74.9K회
로판 악녀를 조교하게 되었다	민트마라초코볼	1.46M명	173회차	74.9K회
네토X레는 싫어하는 놈이 네토리를 마지못해(?) 한다.	노벨ITE	1.10M명	697회차	73.9K회
FFF급 페미헌터	이티슈	1.34M명	250회차	73.5K회
사상 최강의 메이드	삐리릭빠바박	1.36M명	230회차	73.1K회
장비의 장녀인 장란이 아니라	저택성	620.8K명	141회차	73.0K회
프로게임단인데요, 하렘입니다	와즈샌	1.13M명	278회차	72.8K회
내 능력, 암퇘지농장	호롤로할아버지	1.43M명	266회차	72.0K회
나 혼자 비만오크	별꽃라떼	1.39M명	800회차	71.6K회
가차랜드의 행복한 도미닉 경	검은학자	486.8K명	445회차	71.5K회
암컷 여제 길들이기	넬브	1.32M명	112회차	71.2K회
무협 미연시의 오랑캐 글쟁이	정중선	831.2K명	48회차	70.8K회
소녀는 살해당하고 싶다.	여실정행	790.6K명	108회차	70.5K회
악역영애의 동생이 되었다	새해	956.9K명	197회차	70.2K회
멸망세 겜방생활	풀cid	933.1K명	250회차	70.1K회
여친 생긴척 하라고?	이만두	1.11M명	139회차	69.2K회
빌런은 조용히 살아가고자 합니다	밤이오는잠	1.13M명	159회차	68.8K회
순애가 범죄인 세계	글쓰개	1.25M명	194회차	68.7K회
직장 관리자 권한	직장고인물	2.41M명	187회차	68.5K회
와이프 키우는 드래곤	별꽃라떼	874.7K명	169회차	68.4K회
사기급 스킬로 좀비 세상에서 꿀빨기	피제에	1.66M명	378회차	68.2K회
새어머니가 생겼다	진다다	878.6K명	419회차	68.2K회
역전세계에서 이중생활	잘먹겠슴	1.34M명	120회차	68.0K회
동생이 스트리머긴 합니다만	불행점	1.08M명	125회차	67.5K회
쯔꾸르 야겜 속 촉수괴물이 되었다	스윗한응애	1.06M명	108회차	67.3K회
대충 이세계 최면물	오곡전도사	1.84M명	404회차	67.1K회
용사 아카데미의 노답 유급생	파란파인애플	984.4K명	245회차	67.1K회
날고 기는 뉴비	점선	1.05M명	447회차	66.6K회
여성 전용 헬스장	민트마라초코볼	1.43M명	184회차	66.5K회
최면 게임의 여주인공	두디디	1.36M명	220회차	65.7K회
여신들의 대리자	트리플F	1.10M명	309회차	65.0K회
남의 소설 빙의했는데 내 소설 히로인임	하은리치	753.7K명	166회차	64.7K회
고결에 오만이 깃들 때	서후	856.7K명	127회차	64.4K회
히로인이 늘어날수록 강해짐	민트맛	919.5K명	278회차	64.3K회
멘헤라 방송에 물소들이 돈을 복사해줌	팡머	653.8K명	262회차	64.2K회
성기사단에서 파문 당했습니다	투명마법사	1.18M명	230회차	63.8K회
기억을 잃었더니 S급 여친이 너무 많음	글쟁이A	1.12M명	207회차	63.5K회
히어로 IN 히로인	쓰름	539.7K명	227회차	63.5K회
악역영애가 아니라, 메이드	야광다이노	494.6K명	171회차	63.2K회
귀쟁이 투기장의 역배 기사님	맥주포션	486.7K명	210회차	63.1K회
환생 리저드맨은 햄버거가 먹고 싶다	과일바구니	648.7K명	97회차	62.8K회
음란타락하는 여기사와 오크의 상관관계	호롤로할아버지	1.46M명	472회차	62.5K회
하렘 in 여관.	에르란	1.15M명	197회차	62.4K회
듀라한이 되어버렸다	레리레로	784.9K명	325회차	62.4K회
야겜 경비병이 다 따먹음	월드플리퍼	1.06M명	203회차	62.2K회
수정어플로 다 수정시킨다	TFSS	1.26M명	139회차	61.8K회
15일뒤 석화에서 풀리는 용사	만신창이	1.16M명	90회차	61.5K회
아저씨 저와 결혼해요	빨강	1.16M명	192회차	61.3K회
내 소환수는 특별하다.	프로모션	1.08M명	143회차	61.2K회
로판 속 용의 약혼자가 되었다R	서후	971.2K명	100회차	61.2K회
힐링방송 스트리머	딛듣	981.5K명	142회차	60.9K회
전생 용사 매니지먼트	쥐돌이	1.05M명	165회차	60.9K회
S랭크 미연시 마스터가 되었다	맛소	1.02M명	324회차	60.5K회
불멸자의 이세계 하렘기	훈제송아지	1.36M명	302회차	60.5K회
제국 아카데미 소녀 마도장교	샤흐트	834.5K명	102회차	60.4K회
NTR 소설 속 흑인이 되었다	김리신	878.9K명	118회차	60.3K회
엔의 길잡이	덮밥소스	635.9K명	150회차	60.2K회
1++급 헌터유 밀크마스터	체이싱	824.1K명	116회차	60.1K회
소설이냐고...개나소나 회귀하고 지랄이게	정신나간거같애	490.9K명	246회차	59.6K회
야한 만화가 합법인 세상에서	이티슈	708.0K명	190회차	59.3K회
죽지 않는 성녀님	LOCOLOCO	505.1K명	242회차	59.3K회
광마와 색마	스크리베	794.6K명	225회차	59.2K회
전생흑막	릿테	858.3K명	86회차	59.1K회
아카데미 마법소녀인데용	망크빵	567.7K명	217회차	59.0K회
공략법이 있으니 두렵지 않아	Tulsa	1.12M명	659회차	58.9K회
아카메디 아카데미	입스위치	565.6K명	139회차	58.9K회
아카데미 시한부 천재가 되었다	배상	1.11M명	129회차	58.6K회
아카데미 속 악마대공이 되었다	Sizzle	820.8K명	169회차	58.6K회
작별을 앞둔 용사 파티가 내게 집착한다.	wallfire	1.10M명	64회차	58.4K회
매니저 어플	우젤랑	1.28M명	543회차	57.9K회
무림에서 점쟁이로 살아남기	에스필아	665.8K명	55회차	57.3K회
성녀님과 단칸방 생활	성연실	563.9K명	115회차	57.2K회
100일 후에 거세 당하는 황녀님	악흑련	591.6K명	432회차	56.9K회
어쩔 수 없이 히로인	데챠아앗	789.4K명	177회차	56.6K회
드래곤이 여배우를 함	봄	525.4K명	212회차	56.6K회
야설로 보는 그리스 로마 신화	외도정사	819.3K명	311회차	56.1K회
괴인은 히어로 지망중!	딱지30장	585.6K명	217회차	56.0K회
남녀역전세계 아이돌의 남편이 되었다.	아리아R	903.9K명	243회차	55.9K회
무한 세이브로 따먹다	루저리	821.9K명	188회차	55.9K회
이단심문관은 은퇴하고 싶다	부프하임	616.3K명	257회차	55.6K회
남자로 살아가는 법	아듄	943.4K명	137회차	54.4K회
마검인데 용사가 집착함	파도날개	840.3K명	285회차	54.0K회
풍운무림전	사바트	1.07M명	419회차	54.0K회
로판 속 전투종족	퐁당	714.1K명	48회차	53.9K회
백야	saya	305.7K명	270회차	53.9K회
평행세계의 아카데미	천경	983.6K명	171회차	53.9K회
허접 마왕과 엉망진창 마왕군	사상범	422.4K명	125회차	53.6K회
마법소녀는 악에게 굴복하였습니다	판다빌런	1.78M명	667회차	53.1K회
현대 던전은 나만의 기회	물랑말랑	1.85M명	518회차	53.1K회
딥블랙시티	학점와작둠칫	525.2K명	152회차	53.0K회
회귀로 압도한다	우명	1.14M명	983회차	52.4K회
야설(근친) 작가로 살아가는 법	존잘인생	780.7K명	108회차	52.4K회
은거중인 용사는 마왕과 함께 산다	말랑뼈	754.3K명	149회차	52.3K회
S급의 소꿉친구가 되었다	다르팽이	885.3K명	159회차	52.2K회
악역 영애가 체질에 맞는다	위지	467.3K명	81회차	51.9K회
대충 이세계 TS물	오곡전도사	2.02M명	294회차	51.9K회
헌터 아카데미의 교장이 되다	퀀타즈	899.0K명	148회차	51.8K회
용사파티에서 쫓겨나고 키운 엘프들이 내게 집착한다	삼이공	1.12M명	93회차	51.7K회
자살하는 소꿉친구가 되었다	??	519.2K명	119회차	51.0K회
히어로 보디가드	시코르스키	449.6K명	112회차	50.8K회
대테러부대 스트리머	광공	842.7K명	99회차	50.7K회
자동사냥이 키운 마녀님	BEbreaker	866.9K명	109회차	50.5K회
내 옆방엔 버튜버가 산다	마이야르예습생	476.3K명	233회차	50.4K회
병아리들이 자꾸만 들러 붙는다	망상주머니	816.0K명	86회차	50.2K회
최고난도 던전에 떨어졌다	IX7	809.8K명	219회차	49.7K회
전 용사파티원들이 내게 집착한다	원하리	993.1K명	72회차	49.4K회
용사 파티의 맹인 성녀님	심봉사	517.3K명	86회차	49.2K회
아카데미 꼴등이 되었다	LOCOLOCO	413.6K명	179회차	49.0K회
용사직이 내게 집착한다!	안경잡이곰탱이	896.2K명	335회차	48.9K회
방구석 게임중독 데스나이트	오레오민트	434.4K명	202회차	48.9K회
제자가 나를 죽이러 왔다.	짱큰문어	430.4K명	94회차	48.9K회
친근한 가족 만들기	ORGA82	965.7K명	175회차	48.1K회
게임 속 악녀가 되었다	식자MUTE	414.2K명	211회차	48.1K회
게임의 지배자	파란불꽃	806.3K명	507회차	47.6K회
이세계 전투 망치 성자	퐁당	811.0K명	222회차	47.3K회
황금 토템으로 살아가는 방법	모노카카	555.7K명	93회차	47.2K회
필터링 좀 없애봐	소설설	752.6K명	202회차	47.1K회
아카데미 최약의 책사가 되었다.	광공	795.4K명	58회차	47.1K회
즉사기 들고 자영업	시투	927.0K명	81회차	47.0K회
아카데미 듣보 교수가 되었다	깡나무	573.0K명	96회차	46.4K회
강제로 방송이 열렸습니다	눈내리는마을	438.2K명	103회차	46.3K회
망나니도 지쳤습니다	안아주면휴재함	1.18M명	180회차	46.2K회
끔살공주님의 생존전략	ryute	518.4K명	135회차	46.0K회
이계네토기	trashlife	720.4K명	230회차	46.0K회
용사를 유괴하다!	흐규흐구	616.0K명	120회차	46.0K회
이세계 최악의 미궁으로 전이했습니다.	비엠피오	1.17M명	208회차	46.0K회
엑스트라 히로인을 위한 전쟁	카르밀라	352.1K명	207회차	45.9K회
흡혈귀의 피 주머니에서 벗어나고 싶다	slyly	819.1K명	107회차	45.9K회
무협게임 속 고수들이 집착하는 낭인이 되었다	382	582.0K명	54회차	45.6K회
좆되지 않는 스트리머 생활	피○○피	559.4K명	76회차	45.5K회
오다 노부나가의 가신이 되었다	일0	659.4K명	128회차	45.4K회
데빌 메이든	망크빵	668.6K명	295회차	45.2K회
박아서 잠금 해제	카마수트라	747.2K명	277회차	45.2K회
피폐 (여)용사를 노예로 사들였다.	호곡	587.4K명	56회차	44.7K회
NTR용사는 마왕에게 무릎을 꿇었다	인조식빵8호	637.5K명	52회차	44.7K회
무영창 마법사는 화형이 상식이잖아요?	토네스크	301.5K명	297회차	44.7K회
남녀역전 세계의 아이돌	단지태	848.7K명	411회차	44.3K회
용사 파티의 짐꾼	못무	775.7K명	236회차	44.0K회
최면술사의 성녀정복기	파랑깨굴	658.2K명	531회차	43.6K회
나 없이 잘들 살아보게나.	불고기만두	934.6K명	150회차	43.5K회
인간을 먹는 꽃	볼따	872.1K명	225회차	43.5K회
메스가키 성녀님과 여행하는 용사가 되었다.	글쓰는이브	484.3K명	164회차	43.4K회
전직 용사와 전생 마왕의 XX는 운명인가요?	민거북이	741.7K명	669회차	43.3K회
얼굴천재가 축구를 잘함	뽀오E	786.4K명	137회차	43.2K회
신수님 뭐해요	sedy	407.2K명	320회차	43.2K회
아카데미 먼치킨 교관이 되었다	이로워	731.5K명	85회차	43.2K회
야, 책임져	pentune	578.4K명	128회차	42.8K회
아카데미 빛 속성 뱀파이어	루비스틸	752.3K명	200회차	42.8K회
미친 공포영화 속 살인마가 되었다	가이스트	399.0K명	71회차	42.8K회
엑스트라 호구는 악녀들을 조교 합니다	투명마법사	1.10M명	173회차	42.4K회
마왕이 없는 세계	LOCOLOCO	385.7K명	149회차	42.2K회
아싸 찐따 NTR 플레이어	스쿨링	579.4K명	128회차	42.2K회
파문 성녀는 지고 싶다	겨우르	353.2K명	210회차	42.1K회
철혈로 정복한다 확장판	doku	543.7K명	393회차	42.1K회
랜덤 카드 뽑기로 아포칼립스에서 살아남는 법	일학	684.8K명	113회차	42.1K회
라노벨 속 악역이 되었다	나소	610.2K명	73회차	42.0K회
아카데미 흑막의 딸이 되었다	희귀한테디베어	311.3K명	64회차	41.7K회
나만 홀로서는 세계	이야스	688.7K명	155회차	41.3K회
테라포밍	졸린고菅?261.2K명	214회차	41.2K회
어플쓰는 밤의 황제	므나우1	1.27M명	270회차	41.2K회
겁탈 당하는 용사	도닥붕	879.6K명	116회차	41.1K회
이세계 왕실의 가정교사	지새우다	618.9K명	214회차	41.0K회
소꿉친구는 천재 마법사	헤헹	425.6K명	164회차	41.0K회
늘솜 스튜디오	얼끼	925.8K명	252회차	40.9K회
용사파티의 여장기사	주스타	617.5K명	135회차	40.9K회
그녀들의 NTR 해방 퀘스트를 포기했다	일상다반사	744.9K명	140회차	40.8K회
천사의 헤일로는 손잡이 대용일까	치즈김밥	334.0K명	121회차	40.8K회
TS 됐는데 자지가 달렸다	덧향	602.0K명	196회차	40.8K회
병약해보이는 미소녀가 되었다.	꿈꾸는곰탱이	510.3K명	130회차	40.7K회
차원이 다른 스트리머	이티슈	709.6K명	330회차	40.6K회
소꿉친구랑 섹스하면 몸이 바뀜	존잘인생	566.7K명	152회차	40.5K회
남겨진 남자의 노예 하렘	wallfire	684.4K명	286회차	40.5K회
이세계 미궁을 천사와 함께	안경잡이곰탱이	587.5K명	203회차	40.3K회
개같이 따먹히고 다닙니다	싸이킥	649.7K명	71회차	40.1K회
요리 유튜버	국화꽃	703.8K명	217회차	40.1K회
보스는 오늘도 심심합니다.	페레루	520.0K명	128회차	40.0K회
멸망속 거미군주가 되었다	세계관최약떼껄룩	677.6K명	143회차	39.9K회
반푼이 성직자는 퇴직을 희망한다.	와닷	530.1K명	39회차	39.8K회
히어로 영화 속 엑스트라가 되었다	나쁜사람	468.9K명	96회차	39.7K회
마법소녀 질 더 리파	담화꾼	430.1K명	302회차	39.5K회
아 그거 그렇게 하는 거 아닌데	삶은옥수수	488.2K명	383회차	39.3K회
아포칼립스 밤의 톱스타	제이알	578.9K명	188회차	39.0K회
야겜 속 중간보스와 히로인들이 내게 집착함	비빔밥	565.0K명	77회차	39.0K회
포뮬러 원 스트리머	파니갈레	594.2K명	157회차	38.8K회
캔슬러	박건	856.9K명	280회차	38.7K회
골판지 하우스는 찢기지 않는다	집에가고싶은레후	287.1K명	85회차	38.5K회
역전 이세계에서 엘프의 노예가 되었다.	처녀궁	750.6K명	140회차	38.3K회
트레이너 어플	순혈유니콘	790.8K명	214회차	38.3K회
그녀들이 집착한다	베르챠프	754.2K명	150회차	38.2K회
검후의 제자	덮밥소스	394.4K명	146회차	38.1K회
미친 여주 복수물에 초반 메인빌런으로 빙의했다	R류	546.3K명	51회차	38.1K회
신수들의 반려자가 되었다?!	경비원입니다	654.5K명	291회차	37.9K회
메인 히로인 탈퇴를 선언합니다.	BEbreaker	491.1K명	99회차	37.9K회
내 와이프는 얀데레	sifmuna	803.1K명	288회차	37.5K회
우리 집 안드로이드가 이상하다	보름달곰	387.2K명	154회차	37.5K회
담배맛 마법소녀	지각습관	349.9K명	435회차	37.4K회
챌린저 감독이 게임도 투자도 육성도 뭐든 잘함.	페니아	754.6K명	410회차	37.3K회
남녀역전 세계 미소년으로 빙의했다.	초콜릿먹는판다	973.9K명	347회차	37.3K회
아포칼립스에서 살아가는 방법	작가J	1.05M명	407회차	37.3K회
엘프 누나에게 주워졌습니다	Suerte	624.0K명	207회차	37.2K회
유희신의 계약자	딱지30장	388.1K명	224회차	37.2K회
북부대공녀는 절대 함락되지 않는다	소○○	311.4K명	70회차	37.1K회
미연시 주인공을 내 전용 암컷으로 만들자!	후다나희	528.6K명	182회차	37.1K회
하렘으로 복수한다	꽃의폭풍	357.7K명	116회차	37.1K회
남녀역전 세계의 야짤작가	도원향	566.1K명	94회차	36.9K회
남녀역전 모쏠아다아싸찐따	총총K	547.7K명	212회차	36.5K회
성애 교단의 씨받이 성녀가 되었다	녹차잎	632.7K명	186회차	36.5K회
용사의 동생은 우울할 수밖에 없다	무산균	559.6K명	168회차	36.4K회
로판 속 서브 남주인데 여주가 맘에 안듦	니라1고	530.5K명	110회차	36.0K회
이혼남이 회귀했다.	가을입니다	606.8K명	122회차	36.0K회
나만 각성했다	딸기연필	758.2K명	270회차	35.9K회
행복하게 만들고 싶다	루이소체	672.4K명	566회차	35.9K회
아포칼립스가 다운로드 됨	라시코기	484.5K명	138회차	35.8K회
귀축교사	섦게지는꽃	1.24M명	402회차	35.8K회
최악의 악당	만배	1.07M명	377회차	35.7K회
저희는 마왕을 무찌르고 아무 갈등 없이 해산하였습니다.	단세포생물	690.4K명	160회차	35.7K회
용사 게임 속 황제가 되었다.	TYUIOPVB	539.4K명	57회차	35.7K회
남녀역전 세계 여자들을 NTR하는 상남자	초콜릿먹는판다	999.9K명	304회차	35.6K회
내가 구한 애들이 너무 쎄다	신류	938.3K명	265회차	35.6K회
인방하는 용사님	끼요옷	575.5K명	205회차	35.5K회
여자배구 만화 속 초반 중간 보스가 되었다	기린튀김	373.5K명	100회차	35.4K회
뺏었으니 키워야 한다	두에우	762.9K명	447회차	35.4K회
퇴사했더니 직장 동료들이 내게 집착한다.	안개나비	826.6K명	60회차	35.4K회
아카데미 단역빌런이 되었다	솔미레	584.6K명	157회차	35.2K회
암흑가 여왕의 소꿉친구가 되었다	유설묘	499.6K명	41회차	35.1K회
이세계 남작으로 전생해버렸다	연재약장수	492.1K명	93회차	35.0K회
여신이 되어 돌아왔습니다.	Lapiscrysis	557.7K명	126회차	34.9K회
여러 소설에 동시에 빙의당했다	배가연	346.1K명	58회차	34.7K회
이세계 패밀리	딸기연필	684.4K명	248회차	34.7K회
좀아포 소설로 들어와 버렸다.	작가는자유에요	431.6K명	226회차	34.5K회
들불, 피, 그리고 칼	04공사	239.9K명	95회차	34.5K회
역전세계의 금태양	나물반찬	720.1K명	145회차	34.5K회
히로인들을 후회시킨다.	공중도덕	634.1K명	73회차	34.4K회
모험가 파티에 짐꾼은 필요 없다	꾸댕	598.6K명	59회차	34.3K회
아카데미 천재 장인	시그니엘70	571.8K명	64회차	34.3K회
차원 방랑자 - 대마법사가 되는 방법	그런건없어	513.0K명	198회차	34.2K회
마법아카데미의 여왕님	오다	576.6K명	248회차	34.1K회
피폐물 히로인을 공략?함	클비	268.6K명	83회차	34.1K회
짐꾼에서 S급 힐러가 된다.	윤실장	793.9K명	128회차	33.9K회
38살 아재와 19살 여고생의 창작활동	딱지30장	462.6K명	300회차	33.8K회
고블린 천마	내나누내	430.8K명	37회차	33.8K회
스시녀가 되었다	??352.7K명	167회차	33.7K회
아카데미에 입학한 우리는 신혼부부입니다.	아고니	401.7K명	325회차	33.7K회
뉴 테라 미쏠로지	검은학자	281.7K명	141회차	33.6K회
게임 속 전투광 파일럿	윌버9	471.3K명	232회차	33.4K회
용사의 가호가 남아 있다	드촌	518.0K명	163회차	33.2K회
친애하는 언니께	회전목마	278.6K명	173회차	32.8K회
나는 모르는 아카데미	ysj9330	517.3K명	333회차	32.7K회
색황의 이세계 생활기	사바트	427.0K명	475회차	32.5K회
남동생이 동생으로 안 보여서 고민이에요	NTK　	554.1K명	156회차	32.5K회
저 그냥 공작 안 할래요	투명마법사	609.2K명	162회차	32.5K회
야겜에서 여주의 처녀를 지킴	못무	264.7K명	125회차	32.5K회
역전 세계의 남자 스트리머가 집착을 당함	글레이즈	627.1K명	64회차	32.4K회
용사 파티의 척후 담당이었다.	백수의전설	662.9K명	106회차	32.3K회
나 불쌍한 사람 아니라고	Rebecca Rushton	461.1K명	85회차	32.3K회
낮져밤이 주인공의 뿔 달린 히로인이 되어버렸다	흑화망생	336.7K명	143회차	32.1K회
나는 용사를 배신하지 않았다	FIVEONE	472.0K명	198회차	32.1K회
무림 아카데미에서 살아남기	가자무	480.6K명	131회차	32.0K회
괴담아파트 생존일지	은하민	376.9K명	172회차	31.8K회
음탕 성녀님을 양육하다	유화	481.6K명	162회차	31.8K회
마도구가 너무 잘 팔린다	작은우화	458.3K명	69회차	31.8K회
소대가 개 폐급이다	햄하몽	374.7K명	146회차	31.7K회
그 서큐버스, 권왕『拳王』	차라친	318.3K명	66회차	31.6K회
해골이라도 살아간다	하늬구름	378.3K명	127회차	31.4K회
듀얼 아카데미 메인 히로인이 되었다.	국화꽃	358.5K명	76회차	31.3K회
남녀역전 호감스트리머	글못쓴이	628.3K명	210회차	31.3K회
S급 1위와 헤어집니다	에나링	847.4K명	95회차	31.2K회
이제 보려는 소설 속 히로인이 되었다.	한소월	266.0K명	81회차	31.2K회
부활한 불멸자	고기생각	587.9K명	671회차	31.1K회
촉수 달린 슬라임은 애널 중독	Shind	597.5K명	422회차	31.1K회
추방되었던 마검사가 사실 파티의 기둥(물리)이었기 때문에 용사의 히로인들이 뒤늦게 매달려옵	틱티리톡	577.1K명	410회차	30.9K회
라노벨의 정통 소드마스터	단화살	312.6K명	67회차	30.7K회
히1토미 속으로	치킨긴다	511.7K명	571회차	30.6K회
아카데미 경비원을 위한 지침서	GGGG24	244.4K명	107회차	30.1K회
암컷 노예들의 주인이 됐다	엉칠이	382.6K명	284회차	30.1K회
아카데미에 오랑캐가 입학했다	오리먹고싶다	257.6K명	126회차	30.0K회
이세계 난민 성활기	사바트	442.0K명	135회차	30.0K회
양판 애니 속으로 들어와 버렸다	혐판소	385.6K명	132회차	30.0K회
내가 쓴 소설에 전생했다	야광다이노	385.8K명	102회차	30.0K회
야, 너는 가능이냐?	레서벨	472.2K명	250회차	29.9K회
얀데레 연예계물 소설 속에 빙의함	천운쟁이	593.1K명	178회차	29.7K회
음악하는 연금술사	신명0	388.5K명	62회차	29.7K회
로맨스 판타지 속 망나니 기둥서방	김쓰랄	426.7K명	83회차	29.5K회
성비 불균형 세계의 남신도	DOGE1000	493.8K명	204회차	29.5K회
나는 악신이다	신류	454.9K명	130회차	29.5K회
외신들의 사도가 되었다	고인청정수	330.4K명	58회차	29.4K회
역전세계의 얀데레 헌터	내가그린기린그림	565.2K명	228회차	29.4K회
공주님은 애완용 뱀파이어	바보새도도	323.9K명	87회차	29.3K회
아포칼립스의 선생님	papapa	289.5K명	96회차	29.3K회
이세계 금수저 이야기	비보호좌회전	400.2K명	57회차	29.2K회
여기는 내게 맡기고 빨리 가라	맨첼	458.6K명	47회차	29.1K회
속도 999의 아카데미생	에네미	592.2K명	99회차	28.9K회
길드에서 드디어 쫓겨났다	라치스	464.6K명	26회차	28.8K회
귀족이 나를 보고 딸침	fghasd	473.8K명	169회차	28.7K회
나만 상태창 없어	딸기홍차	362.5K명	185회차	28.7K회
어반판타지속 흑막이 되었다	종결부의문체	181.3K명	178회차	28.7K회
아카데미의 학생회장을 꼬시는 법	레몬민트	366.9K명	105회차	28.6K회
하얀 마녀님은 그래도 살아갑니다.	로에	363.8K명	130회차	28.5K회
주인공에게 빼앗겼던 히로인이 회귀후 내게 집착한다	김황새	439.9K명	41회차	28.5K회
망할 우주의 생산체가 되었다	신류	414.5K명	204회차	28.5K회
검술명가 천재시종	퐁당	411.0K명	145회차	28.4K회
소꿉친구의 성좌가 되었다	웹소좋아_280	399.1K명	83회차	28.4K회
가스를 마시는 새.	셸즐리아	251.8K명	92회차	28.4K회
루팅	천일취	591.7K명	1091회차	28.3K회
AV처럼 - 빼앗는 남자 -	잃어버린방주	679.8K명	377회차	28.3K회
마탑에 오신 걸 환영합니다	김리타	518.4K명	87회차	28.3K회
나만 모르는 회귀	유부덮밥	332.5K명	58회차	28.2K회
여캐충이 게임 속 자캐가 되었다	펭귄숏태클	385.6K명	179회차	28.1K회
판자촌의 유령선장	Grawingen	270.7K명	342회차	27.9K회
꼬리는 만지는 게 상식이잖아?	치즈김밥	193.5K명	49회차	27.9K회
남녀역전 세계에서 재시작	아리아R	496.3K명	156회차	27.8K회
식물인간 아내가 깨어났다	앙기모땀띠	378.1K명	53회차	27.6K회
내가 제일 싫어하는 여자	마이츄츄	759.2K명	378회차	27.4K회
히로인 키워 자살하기	메기도	497.1K명	250회차	27.4K회
마왕갤러리	크리틱	342.0K명	99회차	27.3K회
상식개변? 그런 게 가능할리 없잖아! 바보 아니야?	어사일럼	691.5K명	161회차	27.3K회
읍토미. 라 세상 속에 들어와 버렸다	기사망	363.2K명	52회차	27.3K회
정수정도	IamCat	240.0K명	79회차	27.1K회
마녀는 마녀 사냥꾼의 복수를 도와야 합니다.	헬프앤젤	284.6K명	176회차	26.9K회
아카데미 엑스트라의 호위무사가 되었다.	하늘칼	340.2K명	99회차	26.7K회
용사 파티에서 쫓겨난 정령사	글쓰는이브	426.0K명	258회차	26.7K회
히로인이 나를 원함	디로l	481.9K명	136회차	26.7K회
이세계 탈주닌자	트리우끼	276.1K명	120회차	26.7K회
미래 스마트폰	포도 담긴 오렌지 주스	539.3K명	193회차	26.6K회
내 플레이어는 핵과금러	뇌피	425.3K명	133회차	26.4K회
과금으로 시작하는 무림생활	후지와라	356.7K명	23회차	26.4K회
나 혼자만 3회차	글관	848.9K명	271회차	26.3K회
마법소녀가 아니라, 히어로	무설탕콜라	303.0K명	231회차	26.3K회
무인도에서 검 한 자루로 살아남는 법	홍학짬뽕	255.7K명	116회차	26.1K회
무엇이든 구독한다	물랑말랑	691.3K명	575회차	26.1K회
1코스트 영혼병은 부활한다	항생당	258.3K명	425회차	25.9K회
고전게임 NPC가 되었다.	딛듣	243.3K명	137회차	25.9K회
레드썬R	장어즙	354.6K명	234회차	25.8K회
여동생들을 따먹음	맥밀란	621.4K명	128회차	25.8K회
이세계 착한 사기꾼	빨랫골매타작장인	475.6K명	309회차	25.7K회
전쟁 영웅은 조용히 살고 싶다	불요관	236.4K명	167회차	25.7K회
얀데레 아카데미의 회귀자	ː킥천이	440.8K명	424회차	25.7K회
18살, 혼인신고	다치아	285.2K명	183회차	25.6K회
성녀가 아니고 성녀의 호위기사가 되었다	라르닐	416.2K명	106회차	25.5K회
S급 헌터 자격 반납할게요	처음시작	318.9K명	134회차	25.5K회
내 캐릭터에게 부려집니다	독백마왕	262.8K명	127회차	25.1K회
좀비 아포칼립스에서 살아남기	leitias	482.8K명	68회차	25.0K회
핑챙 야캐욧!	오리너구리	443.3K명	201회차	25.0K회
소녀여 천사가 되어라	위뷔	223.5K명	106회차	24.9K회
아카데미에서 나만 몬스터	기갑공룡	403.5K명	214회차	24.9K회
아침은 의붓딸 밤은 천박한 아내	외도정사	462.2K명	150회차	24.9K회
저 혼자만 모드 쓰는 플레이어 세공사.	Peroc	489.1K명	224회차	24.9K회
무림 세계의 거지가 되었다	닉넴뭘로짓지	323.7K명	129회차	24.8K회
게임 속 비버가 되었다.	구르구르	287.6K명	299회차	24.7K회
회귀해서 용사 파티의 길잡이가 되었다	김쓰랄	315.9K명	191회차	24.5K회
용사파티엔 남자밖에 없다	세계사서A	230.9K명	154회차	24.4K회
하렘물 두 번째 히로인의 집사가 되었다.	김마늘	353.5K명	108회차	24.3K회
최종보스 에아	카타고라	301.1K명	171회차	24.2K회
실험체 1313가 되었다.	심심한걸	271.8K명	209회차	24.2K회
오빠가 제갈량이긴 합니다만	뉴민p	286.6K명	52회차	24.2K회
145 C컵 뾰족귀 매도해주는 메스가키 스트리머	fghasd	198.8K명	102회차	24.0K회
왕녀님, 혁명하셔야죠	쇠렌센	148.5K명	116회차	24.0K회
역전 세계의 배우님	김선달	417.7K명	274회차	23.9K회
다크 판타지의 첩보요원	치킨발골전문가	221.8K명	109회차	23.9K회
야성의 전설	w원하	760.7K명	916회차	23.8K회
니네 파티 쩔더라.	SeoK0	413.9K명	217회차	23.8K회
아카데미에서 주술사로서 살아간다는 것	낮보다는밤에	316.0K명	121회차	23.8K회
영웅주의 폭군소녀	백양궁	297.1K명	324회차	23.7K회
화과산 스트리머	호임	365.1K명	107회차	23.7K회
게임 속 도굴꾼이 되었다	Sizzle	252.6K명	91회차	23.7K회
우주최강 공모전에 소꿉친구 더블TS물로 참전했다	흑화망생	212.8K명	139회차	23.6K회
이세계에서 100년동안 화력발전했으니 사직합니다.	사과맛젤리	297.5K명	131회차	23.6K회
히키코모리의 스트리밍	lemonpink	368.1K명	77회차	23.6K회
용사 파티에서 쫓겨난 길잡이는 돌아갈 곳이 필요하다	새우랑	439.8K명	207회차	23.6K회
안 진다는 마인드	??277.7K명	61회차	23.5K회
120억을 위해 아카데미 교수가 되었다	Accident	332.9K명	247회차	23.4K회
뱀파이어 헌터 생존기	야스쿠찌	404.1K명	208회차	23.3K회
도깨비 선조님이 되었다	소설설	290.3K명	74회차	23.2K회
ts 프로젝트	Gugugugu	440.2K명	155회차	23.1K회
빼앗긴 들에 봄은 없다.	가을입니다	387.9K명	181회차	23.1K회
남녀역전 세계의 병약한 상남자	우연히	492.5K명	103회차	23.1K회
떡툰 속 빌런	글떡	366.8K명	152회차	23.0K회
제가 흑막이라고요?	초코맛푸우딩	427.1K명	78회차	22.9K회
아카데미의 벽력여제가 되었다	피의가면	298.8K명	282회차	22.8K회
악역영애가 아니라 영애님이에요	막돼먹은영애님	140.2K명	84회차	22.7K회
아카데미에서 별다방 합니다	꾸댕	389.1K명	88회차	22.7K회
썅년의 방송 생존기	시녹섬	293.0K명	83회차	22.4K회
방송폐인	꼭꼭	291.7K명	174회차	22.3K회
모나리자가 나를 덮침	윳쿠리	430.8K명	91회차	22.3K회
연애를 하게 된 건 좋지만 내가 여자가 되어버렸다	코나코나	243.7K명	526회차	22.2K회
용사가 회귀한 것 같다.	그림	186.3K명	64회차	22.1K회
그대가 잠든 사이	일기가좋던가	231.4K명	156회차	22.1K회
그대는 기사로다	펜삯	174.8K명	136회차	21.9K회
기계소녀와 조율사	월하야상곡	308.4K명	238회차	21.9K회
소비에트 낭자애	머쉬마론	289.2K명	72회차	21.9K회
늑대녀가 부순다!	크루시	294.1K명	140회차	21.9K회
악역 보스를 연기하는 법	사과성애자	352.1K명	159회차	21.8K회
피폐물 로판 여주들이 내게 집착한다	라르닐	288.1K명	44회차	21.8K회
야매힐러가 되었다	카마디	364.9K명	139회차	21.7K회
미믹의 식도락 여행기	하얀츄르	281.0K명	152회차	21.7K회
남녀역전 영웅 사냥꾼	도닥붕	451.1K명	168회차	21.7K회
역전세계의 헬창남	윳쿠리	382.8K명	112회차	21.7K회
히어로 아카데미의 롤빵머리 악역영애	성별은공격헬기	185.2K명	81회차	21.6K회
아카데미 공격헬기가 되었다	화성거주자	249.5K명	195회차	21.6K회
난이도 EX의 그대여	뉴민p	478.8K명	85회차	21.6K회
고3들이 이세계로 전이됨	바칼국수	322.6K명	131회차	21.6K회
사상 최악의 주인공	황금올리브	479.4K명	244회차	21.5K회
나도 모르는 사이에 따먹히고 있었다.	잘먹겠슴	418.4K명	71회차	21.5K회
퀘스트가 야한 것만 나옴	야개	505.7K명	280회차	21.4K회
불의 성녀, 방송합니다!	승백이놈	327.5K명	295회차	21.2K회
얀데레를 거근으로 치료함	네스리	373.9K명	71회차	21.2K회
회귀자가 나만 집착한다	겨울꽃_395	259.7K명	46회차	21.1K회
뉴투브속 그녀들을 내 마음대로	김쌍포	632.8K명	264회차	21.1K회
소녀는 앞을 보고 싶다.	여실정행	229.2K명	55회차	21.1K회
게임 '바깥'의 구미호가 되었다	죄악	315.2K명	44회차	21.0K회
츤데레 눈앞에서 자살해보았다	라이스샤워	371.3K명	25회차	20.9K회
성녀님의 남편으로 간택 되었다.	아리아R	351.4K명	138회차	20.9K회
종장 직후의 최종 보스가 되었다	포동포동대포동	286.9K명	124회차	20.9K회
한 상담사 이야기	싸이킥	301.2K명	96회차	20.9K회
마탑 입시학원의 일타강사	딱총빵야	286.4K명	84회차	20.7K회
성녀님이 캐리합니다	Cloudcat	303.1K명	74회차	20.7K회
예지 양, 집필은 적당히 하는 것이 좋아요. 강박 때문에 힘들다는 것은 알지만,	작가는자유에요	170.6K명	151회차	20.7K회
몰락한 용사파티가 내게 의존한다	쏘쏘라	405.5K명	98회차	20.7K회
히어로 아카데미의 최강 빌런	금댕이	325.0K명	116회차	20.7K회
최애캐를 꼬시는 법	신류	377.3K명	313회차	20.7K회
겜창 동거녀와 순애는 어떠신가요?	글먹쌀먹	256.8K명	44회차	20.7K회
마왕성의 노예	삼이공	318.4K명	144회차	20.7K회
공작님의 기둥서방이 되었다	전기버섯	380.8K명	191회차	20.6K회
여왕개미의 육아일기	KENKO	313.3K명	90회차	20.5K회
여자가 된 나의 헌터 생활	리젯	202.3K명	196회차	20.5K회
패배 히로인의 집사로 빙의했다	김히어로	290.8K명	131회차	20.5K회
미친 소꿉친구가 되었	높은언덕	234.8K명	48회차	20.5K회
환생한 검성은 방송한다	난행	411.5K명	83회차	20.5K회
버그플레이로 용사를 도왔지만 추방당했다	k283	395.2K명	109회차	20.3K회
전혀 모르는 가족의 딸로 다시 살게 되었다	월세말이	192.3K명	113회차	20.2K회
이세계 공성 메이드	성별은공격헬기	281.0K명	110회차	20.1K회
가짜 영매사인 내가 진짜들의 세계에 엮이고 말았다	흑니	199.3K명	79회차	20.1K회
이세계 엘프 기획물	Nymphet	471.3K명	228회차	20.1K회
위대한 독재자 아가씨	강준혁	263.3K명	68회차	20.1K회
여자 교도소요? 제가요?	해씨	170.3K명	240회차	20.1K회
키잡하는 힐러님	뽀오E	523.6K명	149회차	20.0K회
남녀역전세계의 음료가게	자까놈	291.4K명	138회차	20.0K회
ntr 용사 아카데미의 얀데레 히로인들	LordHunter	314.6K명	120회차	20.0K회
게임속 중간보스에 빙의했다.	Pabio	348.2K명	58회차	20.0K회
번식용사	Creampie	253.1K명	190회차	20.0K회
아카데미의 약쟁이 용사님	비닐봉투	229.1K명	122회차	19.8K회
이세계 서큐버스 슬레이어	소영이아빠	277.4K명	296회차	19.8K회
여용사가 패배한 세상에는 절망밖에 없습니다	백수하마	729.7K명	393회차	19.8K회
순종적인 여자친구 노예로 길들이기	포포페페	594.2K명	130회차	19.7K회
꼴통 영애와 골 때리는 아카데미 생활	철수입니다	179.6K명	150회차	19.7K회
여대생 길들이기	O링	611.2K명	171회차	19.7K회
몰락영애 아니거든요!	초리니	108.2K명	84회차	19.6K회
살아야만 한다	Secrets	468.9K명	647회차	19.6K회
은발 소녀 드래곤 스트리머.	gjdjdjfdjdj	282.6K명	83회차	19.6K회
스타 주막에 어서오세요!	머그컵D	347.1K명	288회차	19.6K회
제가 악녀였다네요	세레	201.9K명	151회차	19.5K회
운빨똥망겜의 듀오	5620	279.9K명	252회차	19.5K회
이력서	얼끼	597.5K명	211회차	19.5K회
검후가 제자를 숨김	우유조아	304.8K명	132회차	19.5K회
남자가 인방을 함	악질	330.4K명	185회차	19.2K회
빡대가리, 귀머거리, 히키코모리	파비야	197.8K명	172회차	19.1K회
선택 받은 자는 네가 아닌 나였다.	시크리트으	426.1K명	118회차	19.0K회
고인물이 전부 따먹음	가정확대범	275.7K명	163회차	19.0K회
유니콘의 계약자	좆돌청년	205.7K명	63회차	18.9K회
용사 사무소, 정상 영업합니다	사상범	169.0K명	148회차	18.9K회
히로인이 되기 전에..	네프로래피스	449.9K명	365회차	18.9K회
주인공의 스승이 죽었다	치타아님	273.5K명	40회차	18.9K회
아카데미 야설 속 금태양이 되었다	밤나무	299.7K명	71회차	18.8K회
마왕소녀가 되었다	개소리융단폭격	199.4K명	59회차	18.8K회
아빠는 드래곤, 엄마는 게임폐인	pentune	214.0K명	136회차	18.8K회
게임 속 게이(아님) 공자가 되었습니다	아리랑	329.5K명	248회차	18.7K회
아이돌 제작자	로테인	255.4K명	425회차	18.7K회
판타지 게임 속 히든 보스가 되었다	오기오기	290.9K명	100회차	18.5K회
여고생에게 테이밍 당함 R	반인간	157.2K명	106회차	18.5K회
범해지고 싶은 용사님	별불꽃	164.2K명	89회차	18.5K회
괴담 호텔 탈출기	쿠크루	149.9K명	77회차	18.4K회
멸망한 세상의 촌장님	커피필터	293.8K명	125회차	18.3K회
자살하고 싶은 악역 영애님	김양이	196.2K명	117회차	18.3K회
후타나리 세계의 후타나리 전생자	깜샹	234.0K명	177회차	18.3K회
용사 파티의 마법사였다	무반장	319.5K명	32회차	18.2K회
공작가의 사생아가 되었다	Sickrat	247.1K명	222회차	18.1K회
관짝 깨고 나온 성녀님	두릅나물	220.1K명	152회차	18.1K회
반복사냥으로 최강임시교사	제비꽃	292.7K명	130회차	18.1K회
데스나이트는 성녀의 호위기사가 되었다	해달별바라기	220.4K명	135회차	18.0K회
망겜속의 애정캐가 집착해서 납치당함	Asparagas	299.4K명	223회차	17.9K회
B급 야겜 여주가 되었다	못무	316.7K명	199회차	17.9K회
전 약혼자가 로판 속 악녀다	말랑꽃	254.0K명	40회차	17.9K회
멋진 드래곤!	수신기	303.9K명	195회차	17.8K회
은혜갚는 (여)용사님	김리신	411.4K명	76회차	17.8K회
그대를 사랑하여 아팠다	삼심	222.2K명	71회차	17.8K회
심야십담	시코르스키	157.5K명	63회차	17.8K회
내 딸은 아빠를 이름으로 부른다	kimpenkal	185.9K명	60회차	17.8K회
내 캐릭터들은 이세계 용사	에브리타임	287.5K명	206회차	17.7K회
운석맞고 내 마음대로	고양이의집사	461.0K명	336회차	17.7K회
남녀역전의 평범한 유부남	-8561	303.3K명	76회차	17.6K회
후회물의 찐따 남주로 빙의했다.	승깎이	357.0K명	50회차	17.6K회
적당한 관심 부탁드립니다	비케	271.7K명	77회차	17.6K회
용사 말고 내가 회귀했다.	딱다닥	313.7K명	161회차	17.6K회
여배우 메이커	버푸	337.1K명	150회차	17.6K회
아카데미의 소녀검성	써던	196.8K명	47회차	17.6K회
내 힘이 마법이다	역병망고	322.6K명	115회차	17.5K회
경멸하는 여자를 굴복시키는 법	백석주	276.3K명	56회차	17.5K회
남녀역전의 로마와 쯔바이핸더 검객	쯔바이성애자	192.1K명	64회차	17.4K회
패배루트 히로인과 계약했다	배꼽핥짝	160.5K명	107회차	17.4K회
다시 처음부터	청승	253.7K명	172회차	17.3K회
악역 영애와 무인도에서 살아남기	불싸대기	231.3K명	65회차	17.3K회
내가 만든 창고 캐릭터가 되었다	로르텔	225.1K명	72회차	17.2K회
괴물이 사는 도시	LOCOLOCO	154.8K명	149회차	17.2K회
깨어나 보니 여자가 되어 있었다. 그런데 달려 있는.	히끌	240.8K명	245회차	17.1K회
토깽이가 나한테 집착한다.	작가는자유에요	259.1K명	100회차	17.1K회
(팔다리 잘린) 성녀님, 이것도 용서해주실거죠?	백색소음	303.9K명	98회차	17.1K회
기사단, 때려치웁니다.	햄하몽	279.1K명	42회차	17.1K회
무지성 하렘이 위험한 이유	제육볶음	254.0K명	54회차	17.1K회
아카데미 속 사서가 되었다	작가고양이	298.8K명	184회차	17.0K회
이번 생은 히로인	바라밀	97.6K명	135회차	17.0K회
TS 미소녀가 작가로 살아가는 법	김히어로	206.5K명	111회차	17.0K회
왜 다시 악녀가 되는거야?	이만두	206.0K명	34회차	16.9K회
용사가 내게 자꾸 다가온다.	우유맛라면	177.3K명	120회차	16.9K회
귀환했더니 인방합니다	포롱포롱	257.2K명	89회차	16.9K회
아케인펑크의 소드마스터	신이나	183.1K명	218회차	16.9K회
아카데미 설정충 미소녀가 줘팸	캬아루	166.1K명	91회차	16.9K회
마법소녀 너클★더스터	예신하루	138.8K명	159회차	16.8K회
마법소녀가 있는 남녀역전 세계의 메스가키 간부님	마롱	222.5K명	145회차	16.8K회
로맨스 소설 속 랩터가 되었다	Bamboowife31	184.9K명	211회차	16.7K회
가짜 여자친구와 나쁜 짓을 저지르는 법	S004	140.5K명	101회차	16.7K회
슬기로운 노예생활	공중제비	561.7K명	151회차	16.7K회
이세계 체험학습	별밤	332.0K명	263회차	16.7K회
아카데미 순애조작단	콩쥐는팥쥐야	166.4K명	56회차	16.7K회
헬퍼 능력을 얻었다	쿠루스	396.6K명	143회차	16.6K회
쿠노이치는 스트리머가 하고 싶다	Nu과장	195.9K명	201회차	16.6K회
빙의했더니 파혼당했다	냥파이트	275.8K명	54회차	16.6K회
손잡이 두 개 달린 용족이 되었다.	PinkShelter	251.6K명	59회차	16.6K회
용사님 좋아해서 그랬어요	뭐였더라	322.5K명	37회차	16.6K회
대역물의 주인공은 가챠게임이 싫다.	마하냥	187.6K명	98회차	16.5K회
길드원들이 인턴에게 집착한다	테라P	296.7K명	186회차	16.5K회
성인 스트리머로 살아남는 법	헤응헤응	362.1K명	140회차	16.5K회
화랑은 이제 안식을 얻고 싶습니다.	코코볼스	140.8K명	198회차	16.5K회
그녀를 피해야만 하는 이유	뚜시	259.7K명	61회차	16.5K회
그래도 한결같이	얀야화	205.5K명	321회차	16.5K회
전직용사는 노예를 구매했습니다.	아이오	259.4K명	142회차	16.4K회
황녀 남편으로 사는 법	커피중독자	290.0K명	203회차	16.4K회
성녀님, 용사는 자판기가 아니에요!	랑향	144.0K명	118회차	16.4K회
용사는 집에 갔어!!	김새밥	328.8K명	219회차	16.2K회
최면술사라는 사실을 들키고 말았다.	찝쭐	202.4K명	34회차	16.2K회
아카데미의 발기천재가 되었다	진짜천마	197.3K명	100회차	16.1K회
타락을 원하는 성녀님	탠버린	474.9K명	193회차	16.0K회
악역의 소꿉친구로 빙의했다	마프클	299.0K명	129회차	16.0K회
메인 히로인들을 살려라	괴상한얼룩	210.0K명	101회차	16.0K회
용사파티에 배신당한 나는 거대 자지가 되었다.	성풍남	373.7K명	148회차	16.0K회
역전 세계에서 취미로 방송합니다	아이츠	290.7K명	125회차	16.0K회
게임속 망나니 도련님이 되었다.	아함카라	372.1K명	97회차	15.9K회
아카데미의 흑챙천마	백자성	260.3K명	158회차	15.9K회
아포칼립스 던전의 혁명엘프	종결부의문체	141.9K명	107회차	15.9K회
게임 속 히로인의 오빠가 되었다	라붐	190.7K명	60회차	15.9K회
여왕을 죽여라	AmyRazor	161.9K명	112회차	15.8K회
여헌터들의 대리부가 되었다.	방콕메타	242.3K명	91회차	15.8K회
미약을 만드는 연금술사	유화	310.9K명	225회차	15.8K회
내가 키운 용사가 나한테 집착한다.	그림	346.1K명	200회차	15.8K회
ts 힐준다고 장판밟지 마세요 ♡발	촉백결	229.6K명	248회차	15.7K회
만렙 용사님은 패배 중독자	좀생각을해라생각을	308.8K명	93회차	15.7K회
용사였던 저는 대마법사님의 취향저격 메이드가 되었습니다	옆집누렁이	215.5K명	228회차	15.7K회
삼국지 원소전	GraNadoEsp	330.9K명	393회차	15.6K회
세뇌당한 정의의 히로인이 되었다	퇴물상	174.9K명	117회차	15.6K회
어반 판타지의 코인 투자자가 되었다.	갈비찜	124.1K명	79회차	15.6K회
날 따먹어 주세요	주스타	350.9K명	93회차	15.6K회
이세계 아카데미의 오컬트 헌터	보랏빛밤	149.0K명	105회차	15.5K회
하늘 위 뱀자리	부싯돌인생	167.1K명	87회차	15.5K회
2회차 메이저리거	성호신	307.3K명	178회차	15.5K회
역전세계의 렌탈남친	쓰고읽고생각	218.0K명	27회차	15.4K회
부디, 레오네라 불러주시길	챠앙	150.9K명	223회차	15.4K회
방구석폐인 사이비성녀님	그림	164.1K명	58회차	15.4K회
아싸가 후배의 고백을 거절했더니 따먹혔다.	따란띠란	281.9K명	136회차	15.4K회
매니저가 깡패임	발발타	245.6K명	62회차	15.4K회
똑딱이	사키만자루	455.7K명	554회차	15.3K회
무림명탐정	스크리베	209.3K명	135회차	15.3K회
TSSS급 헌터 그녀	ts스킨	160.7K명	100회차	15.3K회
친애하는 나의 기사에게	탈기	237.2K명	129회차	15.2K회
게임 속 이교도가 되었다	닻별	194.0K명	159회차	15.2K회
내 여자친구는 이미 조교완료 되었다.	지나가는금태양	606.0K명	271회차	15.2K회
이세계 밑바닥 모험가가 살아남는 법	개코손잡이	226.2K명	288회차	15.1K회
사이버 최면 어플	악흑련	246.1K명	286회차	15.0K회
더 넥타 ~마신의 계약자~	신사토끼	340.4K명	312회차	15.0K회
영웅 먹는 엑스트라	카타시	222.5K명	193회차	15.0K회
TS 미소녀를 따먹는 방법	두디디	197.4K명	85회차	15.0K회
마법소녀는 시간을 돌리고 싶어	대댕	144.0K명	215회차	15.0K회
회귀한 히로인들	꼴불견	246.9K명	32회차	15.0K회
인격배설 강시 제작법	Mr삐○○	323.8K명	96회차	14.9K회
남녀역전 세계의 병약 미소년이 되었다	나는야인이될꺼야	283.2K명	53회차	14.8K회
용사는 꺼져줄게 잘 살아	마크칼	295.5K명	32회차	14.8K회
제 약혼자가 회귀하신 것 같은데요?	연습용더미	128.1K명	57회차	14.8K회
배신당한 용사는 지구로 돌아왔다.	시크리트으	335.3K명	130회차	14.7K회
여러분의 스트리머가 될게요	Ys0126	237.1K명	80회차	14.7K회
종말시대의 멘탈케어병이 되었다	신류	237.2K명	52회차	14.7K회
시한부 TS는 살고 싶다.	실버드래곤	193.5K명	321회차	14.7K회
먹히고 싶다	주스타	288.1K명	62회차	14.6K회
1부 완결 직전에 용사가 죽었다.	수중도시	207.7K명	107회차	14.6K회
남녀역전 세계의 XX셔틀	벨피조아	375.1K명	209회차	14.6K회
세상에 나쁜 요정은 없다	khaloff	76.5K명	133회차	14.6K회
단풍잎 카페	단풍도살자	167.5K명	247회차	14.5K회
그는 그녀가 되었다	내안에젤리	185.2K명	340회차	14.5K회
날 배신했던 여자들이 후회한다.	romanzo	462.7K명	248회차	14.5K회
빌런연합에서 숙청 당했다	아자토스트	262.1K명	83회차	14.5K회
아카데미 병쟁이 검성	글쓰는그리즐리	283.3K명	176회차	14.4K회
하드코어 게임 속 PvP 고인물	SirLogan	219.1K명	273회차	14.4K회
용사는 NTR당하지 않는다.	메스가키	178.4K명	71회차	14.4K회
히어로 파티 비주얼 담당이 되었다 R	죄악	156.3K명	88회차	14.4K회
까치발을 들어라	알레미카	125.8K명	173회차	14.3K회
곰은 사람을 찢어	김이로카	241.9K명	70회차	14.2K회
아카데미 속 악녀 길들이기	진환2	242.0K명	87회차	14.2K회
조선의 정력왕	Karas	245.9K명	113회차	14.2K회
무인도 BDSM 생존 게임	히든디자이어	399.8K명	348회차	14.2K회
호러도시를 살아가는 방법	호러는잼다	114.9K명	52회차	14.1K회
전 약혼녀가 로판 속 여주인공입니다	지라시지	254.8K명	25회차	14.1K회
정신을 차려보니 바다 위에 버려져 있었다...	위스프	147.9K명	114회차	14.1K회
내가 알던 게임이 아니다.	오시안	225.2K명	428회차	14.1K회
도주 마왕	PidGoet	211.4K명	143회차	14.1K회
차원 방랑자 - 포인트가 넘쳐흐른다	그런건없어	271.4K명	169회차	14.0K회
웅녀가 되어버렸다	레리레로	161.7K명	151회차	14.0K회
오늘부터 저는 여사원이 되었습니다.	치즈머핀	140.0K명	112회차	14.0K회
얀데레 하렘을 빼앗는 방법	뚜시	232.7K명	87회차	14.0K회
야겜의 여주인공이 되었다	김우훈	359.4K명	407회차	14.0K회
창관에서 에이스가 되자.	헤응헤응	299.8K명	157회차	13.9K회
의장님이 정책을 통과시키는 방법	므찌	181.0K명	130회차	13.9K회
임신 해줘!	병아리는삐약	327.6K명	170회차	13.9K회
망가 세계에 여자로 태어나버렸다	쑥갓맛대파	133.9K명	73회차	13.9K회
네가 없는 거리는	LOCOLOCO	114.7K명	85회차	13.8K회
고양이의 제자	매콤솜사탕	158.9K명	153회차	13.8K회
무지성 서포터는 여자가 되었다	봄을지나겨울	262.0K명	115회차	13.8K회
바바리안 이바르	파커Q	79.1K명	86회차	13.8K회
부서진 세계의 불사 여황제	Carnegie	192.3K명	121회차	13.8K회
아카데미의 운명 파괴자	시크리트으	317.9K명	193회차	13.8K회
취향역전세계의 남자 편집자	은하민	110.5K명	102회차	13.8K회
남매가 쌍으로 환생함	westknight	168.3K명	88회차	13.7K회
귀여운 스승님이 사실은 흑의 마왕이었습니다!	구름냥이	202.4K명	157회차	13.7K회
용과 늑대들의 도시	오레오민트	88.5K명	64회차	13.7K회
키워서 버린다	왜연재안하세요	194.2K명	43회차	13.6K회
이 스트리머는 찐따입니다	탑갱플리즈	151.8K명	85회차	13.6K회
연애실패자 재결합 공식	지새우다	173.2K명	108회차	13.6K회
전설이 된 미믹	꽃의폭풍	65.2K명	100회차	13.5K회
마왕님의 검은 개	망크빵	173.5K명	101회차	13.5K회
여친이 너무 야함	스크리베	368.1K명	163회차	13.5K회
소설 속 망나니 엑스트라가 되었다	테랑스	146.8K명	158회차	13.5K회
난 히로인이 아니야.	주말오후	154.8K명	91회차	13.5K회
백합소설 속 빌런에 빙의했다	컵라면값인생	118.6K명	55회차	13.4K회
남부 대공	단풍도살자	138.4K명	72회차	13.4K회
망한 조직의 투견이 되었다	백자성	143.7K명	139회차	13.4K회
인자강 초인이 수녀기사로 산다는 것	비늘구름	151.4K명	102회차	13.4K회
마법소녀최면조교계획	토요	241.6K명	141회차	13.4K회
그대의 칼끝에는 나비가 머물렀다	석유꽃	176.0K명	100회차	13.4K회
집착하다가 죽는 삼류 악역에 빙의했다.	Pilraon	241.7K명	39회차	13.3K회
용사 파티의 성수싸개 성녀님	fghasd	115.7K명	126회차	13.3K회
미친년들이 내가 엄청 강한 줄 안다.	망고망망망	257.8K명	58회차	13.3K회
내 아내를 커스터마이징	또치	190.2K명	84회차	13.2K회
남녀역전 세계의 여대에 입학한 남자로 살아가는 법	하나	290.7K명	71회차	13.2K회
법잘알, 재벌로 회귀하다	탄막	362.6K명	271회차	13.1K회
아카데미의 쓰레기 기둥서방이 되었다	해망생글	177.2K명	101회차	13.1K회
S급 헌터 매니저는 때려치웁니다.	승깎이	320.2K명	68회차	13.1K회
얀데레 소드마스터의 하인	ː킥천이	210.6K명	161회차	13.1K회
섹스코인	코이너	314.5K명	96회차	13.1K회
마족학원에서 나만 인간입니다	핫초코빵	96.9K명	106회차	13.1K회
흑마탑의 후계자가 되었다.	커어피좋아	143.9K명	36회차	13.1K회
최면걸린 소꿉친구가 되었다	하르티아	168.8K명	66회차	13.0K회
야겜 속 주인공이 되었다	한소네	260.5K명	214회차	13.0K회
팰 땐 패는 성녀님!	샤를레이즈	118.0K명	82회차	12.9K회
아웃사이더	얼끼	499.4K명	321회차	12.9K회
그렇게 내 손을 떠났다	챠앙	104.1K명	155회차	12.9K회
마법소녀의 팔다리를 자르고 싶다	외도정사	250.7K명	144회차	12.8K회
TS마왕님은 용사(♀)님의 육변기	사하라	212.6K명	105회차	12.8K회
몰락 귀족의 도련님은 시한부 인생	C2CAT	202.1K명	46회차	12.8K회
얀데레 히로인의 친구이다	카미도K	264.5K명	95회차	12.8K회
핵겨울 바다의 문어로 살아남기	파도유리	130.7K명	76회차	12.8K회
차원 용병이 생존하는 법	정령왕뚜비	178.6K명	208회차	12.8K회
왕찌질이 가주되다	물랑말랑	710.2K명	384회차	12.7K회
옆집에 여자 스트리머가 산다	아르마딜로	270.2K명	118회차	12.7K회
최면이 어떻게 순애야!	숙제	113.8K명	56회차	12.7K회
종말후 무한회귀	rip99	294.5K명	180회차	12.7K회
집착' 하는 엘프 스승님	Cute.	202.9K명	63회차	12.7K회
달빛에 붉게 빛나는	엘프사이	169.7K명	241회차	12.6K회
이면세계의 거짓말쟁이	berhard	165.1K명	167회차	12.6K회
빗치의 NTR 여행기	consent	358.1K명	306회차	12.5K회
연금술사님의 실패기록	바체스	105.7K명	306회차	12.5K회
랭킹 1위의 정체는 미소녀였습니다	야광멍머이	150.4K명	97회차	12.5K회
용사 몰락 보고서	종결부의문체	106.9K명	59회차	12.4K회
이세계 생체병기가 되었다	김명태회냉면	137.1K명	65회차	12.4K회
네토라레 게임의 여자 주인공이 되었다.	단풍도살자	259.8K명	146회차	12.4K회
남녀역전세계의 실업자	막내오뚝	277.1K명	64회차	12.3K회
인간 목장에서 일합니다.	히텐	325.6K명	91회차	12.3K회
게이트를 찾습니다	시코르스키	99.2K명	46회차	12.3K회
후타나리 수용소에 취직했다	제정신아닌듯	188.4K명	88회차	12.3K회
여러 소설에 동시에 빙의했다	사랑전도사	83.0K명	43회차	12.3K회
용사는 소꿉친구 검성이 무섭다	리프드림	140.0K명	375회차	12.3K회
이세계 특수 관리직	유이와	180.6K명	122회차	12.3K회
역전세계의 여친이 나에게 네토라세를 기대한다.	리오콘데이자	171.7K명	61회차	12.3K회
실눈 귀공자는 언제나 오해받는다	DOOMSLAYER	199.2K명	115회차	12.2K회
스트리머님 방종 안하세요?	단풍도살자	173.0K명	226회차	12.2K회
사상 최강 여동생은 아내가 되고 싶었다	전분물	199.9K명	75회차	12.2K회
이무기라고 불러주세요	르밀리옹	105.8K명	83회차	12.2K회
내가 용사파티를 배신한다고?	신류	307.9K명	132회차	12.2K회
용살자와 용은 사이좋게 환생한다	구름냥이	204.5K명	181회차	12.1K회
경멸받는 용사님은 하렘을 꿈꾼다	악흑련	209.7K명	276회차	12.1K회
역전세계 각성 무당	맹물163	198.6K명	108회차	12.1K회
아포칼립스 속 건물주	갱불	211.6K명	165회차	12.1K회
배신 당한 이후에 각성했다	세크리	217.8K명	48회차	11.9K회
마왕은 용사를 소환했다	노부정	96.6K명	61회차	11.9K회
일탈계정을 들켰다.	잘먹겠슴	219.3K명	35회차	11.9K회
용사가 원하는 것은 나였다	다르팽이	270.5K명	74회차	11.9K회
박으면 악상이 떠올라	샥9	260.5K명	406회차	11.9K회
TS회귀자의 투자 공식	네클리스	168.6K명	177회차	11.8K회
섹스를 해야 탈출할 수 있는 방에 갇혔습니다	자수정	180.7K명	93회차	11.8K회
흡혈귀를 잡는 법	219	96.9K명	75회차	11.8K회
사이버펑크 게임 속 세상에 떨어졌다	김생강	112.1K명	49회차	11.8K회
나 빼고 전부 미친년	신청	157.1K명	195회차	11.8K회
악덕영주의 귀축성행기	민스트	190.7K명	165회차	11.8K회
악질유저 자숙중	사탕시럽좋아	162.0K명	66회차	11.8K회
갓겜에 빙의했다	사축인생	249.4K명	190회차	11.8K회
역전세계에서 성인방송을 시작했다	제주황귤	234.3K명	51회차	11.7K회
「완결」이번 빙의는 내가 주인공이다!	라타	264.4K명	197회차	11.7K회
이세계 아포칼립스의 성녀님이 집착한다	글성글썽	213.9K명	162회차	11.7K회
전직 이세계 마왕, 현직 히키코모리 스트리머	저녁오리	144.6K명	97회차	11.7K회
네토라세 여친님	포도 담긴 오렌지 주스	180.6K명	146회차	11.7K회
츤데레에서 얀데레로	푸린이최고야	249.8K명	172회차	11.6K회
나의 아내는 악마다	월루하	145.9K명	124회차	11.6K회
내가 구원한 아이가 얀데레가 된 건에 대해서	파채리	160.2K명	79회차	11.6K회
미소녀 동물원에 빙의했다	연탄더미	97.0K명	70회차	11.6K회
따먹히고 싶다R	Tovo	410.6K명	201회차	11.6K회
최강의 하녀를 주운 조교사	망상투하	201.4K명	121회차	11.6K회
아카데미의 메스가키 천재	하얀츄르	111.7K명	87회차	11.6K회
주인님에서 여보까지	소설은역시순애	231.3K명	268회차	11.5K회
이세계 모유 카페	우유사랑	212.8K명	49회차	11.5K회
SF 군대 장교 스트리머	나츠마츠리	200.3K명	78회차	11.5K회
라노벨 속 히로인이 되었다	핫초코빵	72.6K명	67회차	11.5K회
S급 와이프 몰래 바람피우기	두에우	243.7K명	121회차	11.4K회
몬무스 VS 오네쇼타	하은이네카드가게	209.4K명	109회차	11.4K회
내가 구한 그녀가 S급 헌터로 돌아왔다	Noname8255	243.2K명	63회차	11.4K회
무림에서 절름발이로 살아남기	방구석와룡	131.8K명	33회차	11.4K회
남녀역전 삼국지 속 초선이 되었다	유내비	219.7K명	114회차	11.3K회
헌터헌터 타이쿤	성연실	102.7K명	67회차	11.3K회
내가 원균의 부관이라니!	창벽	125.7K명	143회차	11.3K회
서큐버스 키우기	Croatia	168.6K명	255회차	11.2K회
아카데미 미소녀 천마님	카캇	165.0K명	77회차	11.2K회
아카데미 샷건 든 신부로 빙의했다	스파키파	170.7K명	171회차	11.2K회
게임 속 마법사	KIATHAT	208.9K명	129회차	11.2K회
악녀의 측근으로 살아가는 법	뽀오E	159.5K명	62회차	11.1K회
우리 힐러 뭐함?	김새밥	172.5K명	84회차	11.1K회
동생이 날 좋아해요	헤으응이상해	282.3K명	138회차	11.1K회
역전세계에서 역최면 당하는 방법	아네싸요	267.6K명	51회차	11.1K회
오랜만에 만난 소꿉친구의 상태가 이상해졌다.	코나코나	154.5K명	136회차	11.1K회
위대한 존재가 되었다	데이곤	157.1K명	157회차	11.1K회
이름만 천사라고요	하연D	128.2K명	103회차	11.0K회
일반인이 이세계에서 살아남는 법	멩스크	153.9K명	86회차	11.0K회
이세계 최면 오크	히텐	282.9K명	135회차	11.0K회
천 개의 소설에 빙의했다	별빛바다	75.0K명	48회차	11.0K회
게이트 터진 날 게임 속으로 들어가버렸다.	깜샹	224.1K명	193회차	11.0K회
용사님, 결혼해주세요.	연말휴재	105.5K명	138회차	10.9K회
사령술사는 마녀의 보호자가 된다	알메리	109.4K명	161회차	10.9K회
이세계 리얼돌 장인	교장이	152.0K명	222회차	10.9K회
무협소설의 라이벌로 살아남기	괜찮을지도	227.2K명	112회차	10.9K회
드래곤의 남편	뒷집소년	302.4K명	370회차	10.9K회
용사파티 두 명이 날 버렸던 소꿉친구다	사퇴기원	234.3K명	33회차	10.8K회
애완 성녀	급선무	209.1K명	33회차	10.8K회
이세계 검은 여우	치킨맛얼음	171.7K명	60회차	10.8K회
아카데미 국어교사가 되었다	JENGA	93.3K명	70회차	10.8K회
몬스터 아포칼립스	네이비드칸	262.2K명	658회차	10.8K회
내 공략 플래그가 세워졌다	무산균	176.0K명	160회차	10.8K회
네가 집착할 수도 있습니다	참을수없는	189.9K명	50회차	10.8K회
OO리스 초월자 부부의 자아 찾기 여행.	황금거머리	269.5K명	108회차	10.7K회
무림치매대응반	안쌀레스	143.6K명	120회차	10.7K회
진흙투성이 용사의 동료가 되었다	382	111.8K명	65회차	10.6K회
재앙의 악마가 되었다	석검	228.0K명	67회차	10.6K회
돌아가기 위해서는 쾌락을 포기해야 합니다.	헬프앤젤	185.2K명	144회차	10.6K회
활자들 사이에서 살아남기	윤잎	83.6K명	137회차	10.6K회
이세계 여신 사용법	아리랑이	244.5K명	175회차	10.6K회
최면으로 노예를 만드는 방법	김과수원	273.0K명	148회차	10.6K회
검은 머리의 소녀	binibig	62.3K명	62회차	10.6K회
병약 공녀의 몸에 깃들었다.	마들렌	124.8K명	167회차	10.6K회
다리를 다쳤다, 남동생이 남았다	밤늑대	129.4K명	85회차	10.6K회
NTL은 하렘의 상위호환이다	소중JB	203.6K명	184회차	10.5K회
니거 참 맛나더라	병아리는삐약	373.8K명	200회차	10.5K회
저세상 19금 힐러	잔디풀벌레	119.2K명	61회차	10.5K회
씹가능한 용사님	린티아	192.3K명	122회차	10.4K회
폭군의 딸에게 복수하는 완벽한 방법	샤르아이스	112.8K명	41회차	10.4K회
이 세계는 변태가 상식입니다!	어사일럼	254.9K명	73회차	10.4K회
드래곤인 그녀의 집착으로 이세계로 끌려갔다	퀘르세틴	396.1K명	754회차	10.4K회
수인 아카데미의 NTL 왕이 되다.	돈미새	152.8K명	102회차	10.4K회
힐러에게 파티원들이 집착한다	보라꽃	180.1K명	200회차	10.4K회
남녀역전세계의 육변기!	도닥붕	245.8K명	63회차	10.3K회
음란마전 서유기	호롤로할아버지	124.9K명	170회차	10.3K회
최면 OP	푸릉푸릉	274.8K명	28회차	10.3K회
다시, 그 여름으로...	림스구구	264.5K명	483회차	10.3K회
복수하기 위해 마왕군의 책사로 들어간다	별밤이	182.9K명	45회차	10.3K회
SSS급 회귀자가 트롤한다	메르큐노	255.1K명	354회차	10.3K회
운명 파괴자	시크리트으	243.3K명	346회차	10.3K회
이세계 섹스마스터	히텐	328.8K명	166회차	10.3K회
수인 아카데미의 유일 인간	자까떼껄룩	169.5K명	111회차	10.2K회
나 홀로 압도적 솔로플레이	진태율	193.2K명	117회차	10.2K회
다시 보니 성녀 같다	잡식성동물	110.6K명	79회차	10.2K회
로판 속 악역이 되었다	별풍줍는조이	160.9K명	39회차	10.2K회
대장장이 밀크	SiegSecure	203.8K명	178회차	10.2K회
주인공이 용사를 숨김	Seeker	170.9K명	139회차	10.2K회
아카데미 열등생의 사망회귀	마크칼	196.5K명	37회차	10.2K회
히키코모리였던 내가 존잘 스트리머가 되었다	소설술사	181.0K명	80회차	10.1K회
흔한 이세계 TS 영지물	하얀츄르	116.4K명	129회차	10.1K회
이세계에서 버번 위스키를 마실 수 있을까?	겸빛	176.7K명	101회차	10.1K회
멸망에서 귀환한 스트리머	꿈먹	167.6K명	95회차	10.1K회
천마의 아내가 되었다	책읽는무늬	110.1K명	53회차	10.1K회
재회한 메이드가 어딘가 이상하다	가시밭길	177.4K명	53회차	10.1K회
어쩌면, 친구였던 우리 사이는	주말오후	172.2K명	142회차	10.1K회
M녀 조교	키제이	359.6K명	177회차	10.1K회
나만의 구더기짱	수지접합	92.5K명	46회차	10.0K회
그날 겨울, 난 죽었었다.	Secrets	174.4K명	979회차	10.0K회
여스트리머가 되었다.	작가77	191.3K명	99회차	10.0K회
용사였던 소꿉친구가 돌아왔을 때	Ricochet	77.8K명	64회차	10.0K회
죽고 나니 몬스터가 되었다	디라스트	179.4K명	190회차	9.9K회
공작가 딸내미들이 얀데레다	네이필레	200.3K명	88회차	9.9K회
회귀자들이 나만 노린다	-7804	111.7K명	33회차	9.9K회
이세계 NTL 일기	Lee선생	157.8K명	75회차	9.9K회
아버지가 남긴 USB	외도정사	346.3K명	160회차	9.8K회
인큐버스가 미쳐 날뜀	므나우1	175.0K명	170회차	9.8K회
상태창 조작하는 음란 헌터	테틀테일	277.3K명	39회차	9.8K회
ts gl 얀데레물	블데피싶	197.4K명	109회차	9.8K회
판타지 게임의 무녀가 되었다	강동구천호동	91.0K명	126회차	9.8K회
차원 방랑자 - 최강 힐러가 되다	그런건없어	149.9K명	138회차	9.8K회
너의 목소리가 꼴려	연어장조림	144.5K명	42회차	9.8K회
파혼하고 싶은 악역영애는 달려 있습니다.	우주외계인	108.2K명	119회차	9.7K회
내가 정의를 위해 옷을 입을 수 없게 된 건에 대하여	우효효효ww	99.2K명	92회차	9.7K회
마사지를 너무 잘함	지즘	323.4K명	175회차	9.7K회
버림받은 은퇴용사는 귀농을 결심한다	붉은사막	193.2K명	40회차	9.7K회
방구석 TS백수드래곤	벼루	134.1K명	62회차	9.6K회
역전세계의 걸레 용사	크왕크왕	136.6K명	60회차	9.6K회
여제, 스트리머 되다	불초	171.2K명	38회차	9.6K회
악마를 지배하는 자	STRANGER_949	181.1K명	334회차	9.5K회
호감작 하는 인방 매니저	댕댕콘	188.0K명	81회차	9.5K회
용사 파티의 성처리 마법사	새하얀휘핑크림	232.4K명	130회차	9.5K회
미소녀 작가랑 같이 빙의했다	구름냥이	111.3K명	126회차	9.5K회
저세상 정조역전 in 원더랜드	토네스크	141.1K명	382회차	9.5K회
부랄친구 용사의 TS는 무죄	금치	82.9K명	137회차	9.4K회
주인공이 공략 당함	낙비	48.7K명	69회차	9.4K회
옆자리 미소녀가 매일 이상한 질문을 던진다	S004	146.1K명	58회차	9.4K회
오늘 밤, 부인은 제 것이 됩니다.	AmyRazor	131.8K명	54회차	9.4K회
절대 꺾이지 않을거야!	NTK　	188.5K명	70회차	9.4K회
용사 파티에서 배신당한 용사는 마왕에게 몸을 맡긴다.	쇼타조아페도아님	171.7K명	38회차	9.4K회
음란한 검의 계약자가 되었다	주지s	113.9K명	160회차	9.3K회
순백의 퀴레시어	이소낙	112.4K명	91회차	9.3K회
나는 괴물이 아니다.	Secrets	183.8K명	477회차	9.3K회
나만의 마녀, 에스테야	서방성교사	92.8K명	43회차	9.3K회
인형사 다시 플레이어 되다	연애재판	206.6K명	227회차	9.3K회
백합의 성좌	리시안서스	107.2K명	65회차	9.3K회
정조역전 세상에서 다 따먹기	한소네	381.0K명	200회차	9.3K회
전지적 책사 시점	보름달곰	185.1K명	190회차	9.3K회
천마의 딸은 내 소꿉친구	하얏꾸	136.6K명	68회차	9.2K회
세계최악의 여자들이 내게 집착한다	라시코기	136.6K명	54회차	9.2K회
딸이 내게 집착한다.	아바링고	172.1K명	95회차	9.2K회
따먹히는 것은 사양이기에 빌런이 되겠습니다	카라멜	129.0K명	118회차	9.2K회
제발, 그만 좀, 찾아와.	박기철	228.9K명	112회차	9.2K회
마왕성의 보좌관	딴청이	201.0K명	200회차	9.2K회
백작가에서 도망치고 싶은 성노예	ː킥천이	141.7K명	177회차	9.2K회
나랑 하면 강해진다	접룡	120.6K명	72회차	9.1K회
일진녀 길들이기	성실연재봇	278.0K명	50회차	9.1K회
여자 교사로 빙의했더니 책임질 아가씨가 5명이나 있는 것 같아	악흑련	71.8K명	58회차	9.1K회
성녀하는 천마님	타락물고기	106.5K명	186회차	9.1K회
여존무림 생존기	프세	104.1K명	87회차	9.0K회
용사가 작가로 살아가는 법	딱지30장	79.3K명	78회차	9.0K회
메테오 영창마법 -메-	메테5	145.4K명	31회차	9.0K회
저 성녀 아닌데요.	레리아크	107.2K명	107회차	9.0K회
드래곤이 집착함	시공하세요	143.2K명	75회차	9.0K회
소녀 용사의 항문이 되었다.	이상성욕	173.8K명	50회차	9.0K회
19금 동인지의 주인공이 되었다	빅부리	155.9K명	138회차	9.0K회
아카데미의 얼굴천재	섹익스피어	132.3K명	54회차	8.9K회
최면사는 악마 지배를 염원한다	JMT존맛탱	136.8K명	79회차	8.9K회
내 여친은 날라리	하설화	216.0K명	594회차	8.9K회
구미호는 어떻게 키우죠?	뭉티	131.1K명	117회차	8.9K회
블러디 화이트	차라친	62.2K명	99회차	8.9K회
PEACH	벤트	88.8K명	136회차	8.8K회
떡협지의 여장 남자가 되었다	빨강떡	126.8K명	75회차	8.8K회
매도로 키우는 프로게이머	cheesepie	119.9K명	68회차	8.8K회
분노의 5700자를 날렸더니, 그 소설 최약체 엘프로 전생했다.	박인강	205.4K명	291회차	8.8K회
야겜 속 암컷 불멸자가 되어버렸습니다	네다씹	258.6K명	46회차	8.8K회
다크 판타지를 살아가는 초월자	작가임돠	106.1K명	193회차	8.7K회
글러 먹은 넷카마였던 내가 (성)인방스타	어륀지	142.1K명	47회차	8.7K회
장식물 아내가 되다.	아우리스	94.6K명	76회차	8.7K회
모드 함부로 설치하지 마세요	쓰름	120.2K명	50회차	8.7K회
떡협지의 은거 기인이 되었다	광신도	190.0K명	104회차	8.7K회
인큐버스 특성으로 살아간다	윤실장	163.2K명	58회차	8.7K회
시한부 성녀는 고결해야 산다	호잉이	72.2K명	25회차	8.7K회
나는 이세계에 빤스빨려고 간게 아니다	퀘르세틴	261.9K명	508회차	8.7K회
전이자는 검성의 길을 걷는 것 같습니다	아리아오즈	132.8K명	253회차	8.7K회
전생성녀, 따먹히다	섬부	99.1K명	90회차	8.7K회
악마적인 미연시 게임에 빙의했다	3프로	119.3K명	59회차	8.6K회
교수님, 진도가 너무 빨라요	원주율0호	156.7K명	56회차	8.6K회
맹인 마왕이 회귀했다	스파키파	120.2K명	58회차	8.6K회
벌레던전	Sickrat	117.8K명	178회차	8.6K회
헌터도 총 쓰는데요?	오복	128.5K명	178회차	8.6K회
내가, 어느 날 갑자기	슴사	86.3K명	61회차	8.6K회
역대급 데스게임 게이머	NoCount	93.3K명	317회차	8.6K회
눈떠보니 오드아이	블데피싶	148.5K명	88회차	8.6K회
역전 세계의 여동생과 나	무자책완투패	144.7K명	58회차	8.5K회
남친이 TS되었다	재채기	139.4K명	115회차	8.5K회
나를 죽인 여동생의 검이 되기로 했다	샤를레이즈	177.0K명	175회차	8.5K회
도쿄 섹스킹_야동 만드는 남자	야개	140.5K명	363회차	8.5K회
만화 속 세상에 환생한 빌런	시크리트으	178.6K명	132회차	8.5K회
야메떼, 용사님!	○○사뿌뿌뿡	57.1K명	97회차	8.5K회
23세 유부남입니다	-8561	223.0K명	75회차	8.4K회
역전세계 속 아카데미에서 횟수가 보인다	삐이이타	187.4K명	161회차	8.4K회
지하세계의 헌터사육사	라타토스크	275.8K명	101회차	8.4K회
수컷 꼬맹이 용사님은 참교육 당하고 싶다.	고양이가조아요	162.9K명	75회차	8.4K회
미소녀 하렘 정복기	쉐도우스	302.0K명	581회차	8.4K회
아카데미 불여우	ydr	75.8K명	90회차	8.4K회
은퇴한 용사는 조용히 살고싶다	몰케	172.9K명	48회차	8.3K회
이세계 드래곤의 마사지사가 되었습니다	LiGT	108.3K명	63회차	8.2K회
남녀역전의 시한부 소드마스터에 빙의했다	어뮤	114.6K명	68회차	8.2K회
추방당한 최강 힐러 (물리)	16씨	94.9K명	87회차	8.2K회
마왕 김재현	시크리트으	352.0K명	415회차	8.2K회
랜선조교기록	여일락	141.5K명	313회차	8.2K회
전생했더니 촉수괴물	엘제논	91.5K명	73회차	8.2K회
손책군 병사가 되었다	꿈발전소	116.9K명	44회차	8.1K회
황녀님 키우기	신울	192.7K명	138회차	8.1K회
저는 연금술사입니다	소설깍기	209.6K명	277회차	8.1K회
최약체 마물 진화기	황산가리	116.9K명	193회차	8.1K회
로판 속 북부대공이 되었다	냄수	98.9K명	29회차	8.1K회
여동생 딸치는거 훔쳐보다가 걸린 썰 푼다	손이시려워	164.2K명	67회차	8.1K회
회귀한 여기사단장이 집착한다	베타플러스붕괴	130.4K명	40회차	8.1K회
회귀자가 인류를 적대함	검은겨울	116.7K명	70회차	8.1K회
하와와~ 예리니 방송에 와주셔서 고마운 거시에오!	사후세계	127.1K명	88회차	8.1K회
신급 최면능력을 얻었다.	파이스타	211.8K명	67회차	8.1K회
외국 사는 미혼모 이야기	binibig	63.4K명	132회차	8.1K회
천마와 현대로 돌아왔다	청색	145.8K명	67회차	8.1K회
오다 노부나가의 책사	웹소좋아_280	105.3K명	69회차	8.0K회
내 체액이 미약이 되었다	해방자	221.6K명	57회차	8.0K회
탐욕의 화신	겨울엔아아	103.5K명	232회차	8.0K회
패배 히로인의 회귀에 휘말렸다	퍼유가답이다	75.5K명	72회차	8.0K회
복사꽃 피는 밤	작가는휴재중	100.5K명	76회차	8.0K회
계약직 마법소녀인 내가 귀여울 리 없잖아?	플넹	98.1K명	350회차	8.0K회
이세계 투기장에 떨어졌다	레서벨	128.7K명	361회차	8.0K회
소련 윌 비 백	플레이어드	130.3K명	116회차	7.9K회
검후 사부와 소꿉친구 천마가 집착한다.	아메리카노펀치	162.3K명	47회차	7.9K회
그리스 생활백서	티치	121.2K명	170회차	7.9K회
나 혼자만 180cm	노랑머리고구마	159.1K명	197회차	7.9K회
게임캐릭터로 헌터물이라니....	여실정행	150.3K명	49회차	7.9K회
정신병자들이 내게 집착한다	파란파인애플	94.0K명	101회차	7.9K회
부활한 내게 그녀들이 집착한다.	예트	151.7K명	41회차	7.9K회
히로인과 웹소설을 같이 쓰고 있습니다	필르	74.2K명	64회차	7.9K회
내 전용 변기 소환	큐벨로스	183.7K명	69회차	7.8K회
창조주들이 나에게 훈수한다	신류	169.3K명	201회차	7.8K회
용으로 환생했다	사탕시럽좋아	97.6K명	183회차	7.8K회
아카데미에서 느긋하게	배북	160.8K명	151회차	7.8K회
구미호가 되었지만 S급 헌터가 하고 싶다.	꿈먹	97.8K명	87회차	7.8K회
게임 속 악당의 실험체가 되었다	동네비둘기	109.8K명	102회차	7.8K회
여친이 S급으로 각성하자 날 버렸다.	1225	255.9K명	66회차	7.8K회
판타지 세계의 우주 해병	이소낙	62.3K명	124회차	7.8K회
꿈만 꾸면 예뻐져	은설	160.0K명	488회차	7.8K회
최면색마	흐아아앙	219.6K명	58회차	7.8K회
전생했더니 신종 바이러스가 되었다.	비화닮	147.8K명	210회차	7.8K회
3인조 파티의 TS 검사	못무	66.2K명	97회차	7.8K회
슬기로운 프듀 생활	청라수	92.6K명	71회차	7.7K회
전직 총잡이였던 내가총이 미개한 세계에 이세계 소환되었다고?	손톱빠진볼베	170.7K명	167회차	7.7K회
평행세계 인터넷	담배맛젤리	173.7K명	345회차	7.7K회
남녀역전 세계에서 뭐든 잘함	겨울늘보	154.2K명	72회차	7.7K회
학술회의 방주	Castanets	81.0K명	219회차	7.7K회
용사 파티, 추방당하고 싶습니다	이득교환	105.0K명	58회차	7.7K회
구원해주세요, 마수님!	비누우	127.3K명	157회차	7.6K회
해골이 되었다!	규야랑	153.9K명	494회차	7.6K회
연인에서 원수가 되었다	바이오주사라	85.6K명	40회차	7.6K회
아카데미의 랜덤천재가 되었다	하인즈마요첩	108.3K명	309회차	7.6K회
세계를 구한 용사는 세계를 멸망시킬 마왕이 된다	반년지난감자칩	135.2K명	158회차	7.6K회
연약한 드래곤	포도 담긴 오렌지 주스	168.2K명	74회차	7.6K회
천박해지는 그녀	Gugugugu	148.7K명	156회차	7.6K회
여신이시여, 부디 자비를 베푸소서	싸이킥	89.4K명	71회차	7.5K회
쓰레기 파티의 남사제가 되었다.	내가그린기린그림	141.8K명	75회차	7.5K회
좀비 아포칼립스속 방사능 좀비가 되었다.	오만의죄	121.1K명	43회차	7.5K회
범해지다	고양이꽃	101.0K명	80회차	7.5K회
경국지색으로 살아남기	멍냐	120.7K명	146회차	7.5K회
남녀역전 야겜은 못 참지	아메리카노펀치	216.2K명	121회차	7.5K회
나 혼자 한다	사키만자루	179.7K명	336회차	7.5K회
그 매니저가 헌터 길드에서 퇴사한 이유	아자토스트	165.1K명	58회차	7.5K회
밑바닥 플레이어에서 자동저장으로 정상되다!	아치치	202.8K명	174회차	7.5K회
격투계 마법소녀는 그만두고 싶습니다.	binibig	73.1K명	99회차	7.4K회
야왕	대왕고추	152.6K명	201회차	7.4K회
내 여친은 아이돌	용병애쉬	219.7K명	134회차	7.4K회
성녀님은 백합꽃이 좋다고 하셨어요!	빅토리아2갓겜	65.7K명	134회차	7.4K회
에덴의 천사	가을걷이	94.2K명	408회차	7.4K회
그녀를 위한 두 번째 삶	뮤우	141.1K명	207회차	7.4K회
이세계 용사의 무기는 암컷타락	현타온대학생	200.3K명	137회차	7.4K회
글쓰세요. 창조주님	글빡	98.8K명	82회차	7.4K회
집착하는 제자님	청색	131.2K명	50회차	7.3K회
여동생이 맛있다	존잘인생	192.3K명	38회차	7.3K회
아이돌이 하고 싶은 몬스터	김언년	89.7K명	229회차	7.3K회
용사는 무협지의 주인공이 되었다	TNTM	106.7K명	32회차	7.3K회
용사파티 탈주용사	해참	161.3K명	152회차	7.3K회
남자답게 살고 싶었습니다...만?	망상주머니	110.6K명	63회차	7.3K회
용사가 호구였다.	고건조큼	151.8K명	150회차	7.3K회
여자애가 되었습니다.	작가는자유에요	107.0K명	96회차	7.3K회
멸망한 세계의 건십	DOOMSLAYER	126.1K명	160회차	7.2K회
마왕군 하급 간부된 썰 푼다	크랭크	123.0K명	187회차	7.2K회
나만의 작은 스트리머에 빙의했다.	언제잘써	82.8K명	98회차	7.2K회
몽마	점선	55.4K명	56회차	7.2K회
길드에서 버려진 뒤 수인이 됨	글성글썽	143.7K명	192회차	7.2K회
여자로 변해서 챔스까지!	너도밤나무	86.3K명	124회차	7.2K회
나만 모르는 여친 메이커	피아트	207.5K명	148회차	7.2K회
시한부 소녀는 관심 받고 싶어.	힐링노벨	83.2K명	69회차	7.2K회
아가씨? 위험합니다!	모카오레	146.6K명	601회차	7.1K회
조교되는 길마님	하얀츄르	219.7K명	123회차	7.1K회
소설 속 색마로 빙의한다.	청라수	163.5K명	87회차	7.1K회
백토 공주	반인간	103.7K명	88회차	7.1K회
남녀역전 아포칼립스 게임 속으로 끌려갔다	사탕시럽좋아	121.9K명	71회차	7.1K회
교단을 탈주한 나에게 딸이 생겼다.	박인강	91.2K명	68회차	7.1K회
전회차 히로인들이 수간을 기억해냄	방구석10덕	64.7K명	36회차	7.1K회
1000번 회귀한 이름 없는 영웅은 은퇴했다	DOOMSLAYER	161.9K명	90회차	7.1K회
회귀해서 게임하기로 했다	꿈발전소	198.9K명	254회차	7.1K회
은하계 망국의 TS공주	유포리아	139.0K명	161회차	7.1K회
게임 속 마법사	KIATHAT	69.7K명	143회차	7.1K회
밑바닥부터 구르는 이세계 핑크머리 모험가	박인강	55.7K명	248회차	7.1K회
여 용사가 내게 집착한다.	블데피싶	113.5K명	54회차	7.0K회
아종(후타나리) 오크가 정복한다	SiegSecure	107.4K명	113회차	7.0K회
설정을 너무 대충 만들었다.	샥9	159.8K명	181회차	7.0K회
내가 커스텀한 최면게임에 빙의	flicker	261.0K명	75회차	7.0K회
음습하고 달달하게	필르	83.0K명	89회차	7.0K회
내 머리 속의 기생충	비보호좌회전	115.5K명	82회차	7.0K회
은둔 마왕의 제자양성	핸드벨	157.2K명	270회차	7.0K회
마법소녀의 마스코트로 소환당했다	PhilLee	111.9K명	171회차	7.0K회
MLB로 간다!	핏빛하늘	150.2K명	156회차	7.0K회
헌터 세계의 검마입니다	르아르샤	98.2K명	79회차	7.0K회
소설 속 토끼 검객이 되었다	이세계토끼	73.6K명	55회차	7.0K회
태엽 인형은 꿈꾸는가?	마무우	44.6K명	114회차	7.0K회
남자였던 내가 여신이 되었습니다	윤매미	141.5K명	141회차	7.0K회
다시 들어 올린 검 끝에 묻기를	saya	56.0K명	89회차	7.0K회
공허분쇄	쇠렌센	45.1K명	207회차	6.9K회
소꿉친구 용사와 파혼합니다	포메리안	235.1K명	25회차	6.9K회
구원당한 제자들이 내게 집착한다	에스제이	124.0K명	65회차	6.9K회
최면으로 그녀들을 함락시키는 법	손이시려워	129.4K명	72회차	6.9K회
아카데미 착각 메이커	붉은피안화	86.8K명	50회차	6.9K회
야겜의 조연이 되었다.	윤노아	116.7K명	142회차	6.9K회
고문받는 현자님	글쓰개	114.0K명	48회차	6.8K회
왕따의 누나	어묵볶음	85.1K명	65회차	6.8K회
카브시어스	PASD	191.0K명	375회차	6.8K회
이세계 마왕 간부에게 소환당해 착취당하고 있다.	깅씨	133.9K명	191회차	6.8K회
무협망겜 속 고인물	스리스리랑	103.2K명	80회차	6.8K회
우리 메이드가 너무 강해	윤시월	94.9K명	91회차	6.8K회
원수를 용서하면 강해진다.	굿에어	161.1K명	122회차	6.8K회
얼굴이 개연성인 용사의 후임	스완	79.9K명	199회차	6.8K회
대마법사의 딸을 사칭하다	오늘유운	88.0K명	131회차	6.8K회
시작부터 1000억 골드	CEU_	178.1K명	319회차	6.8K회
마검은 마계의 멸망을 꿈꾼다.	꼬마돌	42.8K명	178회차	6.7K회
마녀와 운명의 용사	허쉬초코	146.2K명	199회차	6.7K회
아포칼립스의 마법소녀	류미아	77.6K명	145회차	6.7K회
회귀하고 조종해서 따먹는다	sikbbang	133.1K명	158회차	6.7K회
저격수의 게임 방송	지율령	112.6K명	50회차	6.7K회
SSS급 미소녀 좀비로 회귀	Button	93.0K명	59회차	6.7K회
아일랜드 신화	슬피우는영혼	54.0K명	219회차	6.6K회
내 친구는 처녀충 유니콘 입니다.	금연포기	62.2K명	76회차	6.6K회
현대에 나만이 유일한 마법사가 되었다	퀘르세틴	224.5K명	714회차	6.6K회
키메라 소녀와 말 많은 꼬리	XONE	51.0K명	33회차	6.6K회
원작 따위 알 게 뭐냐	성역	88.7K명	87회차	6.6K회
대조선왕조실록- 심영인 열전	조피?	87.9K명	198회차	6.6K회
차원생존전략	현대위	46.4K명	257회차	6.6K회
갓겜 속 여신님들의 애착인형	겨우르	92.3K명	71회차	6.6K회
회귀 히로인들이 자꾸만 망가진다	전분물	113.1K명	59회차	6.6K회
너무 유능한 제자들 때문에 대단히 곤란해	와닷	181.4K명	51회차	6.5K회
이세계 잡몹으로 살아남기	신사교수	98.8K명	220회차	6.5K회
나를 빼앗긴 용사 파티와 회귀했다	제이치유	90.9K명	24회차	6.5K회
세상에 나쁜 용은 없다	드래곤애호가	92.6K명	91회차	6.5K회
망나니 귀족에 빙의한 우울증 검도 선수	아마테스형	115.1K명	48회차	6.5K회
레서판다를 신으로 만들기로 했습니다	구름위	94.1K명	117회차	6.5K회
소꿉친구들이 너무 강함	카레덮밥	127.0K명	152회차	6.5K회
이세계전생TS 천마는 평온히 살고 싶어	켈벨	89.0K명	122회차	6.5K회
아카데미 여학생이 나를 유혹한다	쿨마	91.4K명	220회차	6.5K회
망겜의 운영자	살녹	47.6K명	13회차	6.4K회
예쁜 여자아이가 출세하는 건 상식이니까요!	짱돌머리	39.1K명	47회차	6.4K회
왕따 아싸의 양아치 남자친구가 되었다.	블데피싶	135.0K명	69회차	6.4K회
세계 최강의 마왕은 나에게 집착한다.	민라온	132.5K명	211회차	6.4K회
삼국지 동해왕전	Nicklass	125.0K명	222회차	6.4K회
대공성 뒷산엔 냉동소녀가 살고 있다.	초밥76	48.2K명	52회차	6.4K회
게임 속 제자들이 엇나갔다	그믐아이	139.4K명	47회차	6.4K회
상담 클리닉	얼끼	147.6K명	69회차	6.4K회
나만 독식하는 판타지 세계	검정도토리	124.5K명	104회차	6.4K회
아카데미 악역영애를 연기합니다	쀼찌	45.6K명	33회차	6.4K회
귀환자는 평범한 일상을 원한다!	Estina	81.7K명	70회차	6.4K회
여자가 되어 해병대 재입대	강하수사도	61.4K명	200회차	6.3K회
슬기로운 이세계 농부생활	단풍도살자	116.7K명	184회차	6.3K회
아포칼립스 세상 속 댕댕이가 되었다	컴맹	96.8K명	54회차	6.3K회
리플레이하는 용사님	곰이다니는길	101.9K명	217회차	6.3K회
팔척귀신의 남편이 되었다	미안하고생각	61.4K명	21회차	6.3K회
아포칼립스의 유일한 치료제	SDDS	133.6K명	117회차	6.3K회
2회차에 스탯을 잘못 찍어 뉴비가 되어버렸다	스노구즈	99.8K명	111회차	6.3K회
19금 떡타지의 주인공 친구가 되었다	스투피르	123.9K명	161회차	6.2K회
뭐야, 내 팔 돌려줘요.	팔팔소녀	52.0K명	50회차	6.2K회
내가 만든 역전 무림에 들어왔다.	썩은멘탈	137.6K명	71회차	6.2K회
메타세계의 하렘 소환사가 되었다	로드라인	103.0K명	219회차	6.2K회
미래. 아마도 푸른	우유에퐁당	50.1K명	126회차	6.2K회
성녀님과 키스했더니 여자가 되었다	DDD0	71.1K명	124회차	6.2K회
우리들의 계절	림스구구	244.6K명	257회차	6.2K회
편의점에서 디펜스를 하게 되었다	몰케	82.1K명	142회차	6.2K회
미친년들의 매니저가 되었다.	카즈호	108.7K명	131회차	6.2K회
울지 마세요, 마탑주 님	마파감자	80.2K명	58회차	6.2K회
만렙 촉수로 환생해서 이세계 정복	안젤로씨	176.3K명	211회차	6.1K회
배신당한 나는 후회하지 않는다	소금맛쿠키	165.3K명	55회차	6.1K회
용사는 전역했다	행정서기	125.6K명	84회차	6.1K회
은퇴헌터는 편하게 살고싶었다	초코맛칵테일	144.7K명	210회차	6.1K회
이중에 한명, 레즈가 있다	야광다이노	34.4K명	25회차	6.1K회
방치형NTRPG	얍얍이	190.5K명	148회차	6.0K회
자살 희망자를 살렸더니 집착과 협박을 받는 중입니다.	눈내리는마을	97.9K명	36회차	6.0K회
역전세계의 시골일상	헤으응이상해	120.4K명	200회차	6.0K회
소설 속 흑막이 되었다.	배상	112.1K명	60회차	6.0K회
이세계 선행성욕자	네다씹	50.0K명	28회차	6.0K회
추방시켰던 파티원들이 날 놓아주지 않는다	석검	101.0K명	86회차	6.0K회
옆집누나와 아버지와 여자친구와 나	나트륨	240.9K명	338회차	6.0K회
전투광 고인물은 사실 여자아이랍니다	증권계좌	61.8K명	46회차	6.0K회
아카데미의 기간 강사는 전직 창신	서브계정	87.2K명	41회차	6.0K회
천하제일미는 백합하렘을 꿈꾼다	만배	90.7K명	56회차	6.0K회
엄마와 함께 야겜속으로	오이딥스	104.9K명	30회차	5.9K회
10서클 대마법사의 귀환	kkkk0	228.6K명	291회차	5.9K회
괴인 키우는 선생님	카즈호	67.2K명	164회차	5.9K회
사디스트 빌런영애의 노예 1호	가면곰형	84.8K명	42회차	5.9K회
최면을 걸어오는 S급 헌터들	호치키스	100.4K명	49회차	5.9K회
헌터명가 망나니 아들	넉울휘	107.2K명	79회차	5.9K회
약혼녀가 같은 반	필돌이	88.6K명	97회차	5.9K회
야생의 소녀	카레라	73.1K명	164회차	5.9K회
아카데미 회귀자가 되었다.	딛듣	39.0K명	66회차	5.9K회
성인물이 합법화된 세상에 귀환한 용사님	ErrorBox	131.1K명	138회차	5.9K회
고르카 in 이세계	Arthas9	97.9K명	280회차	5.8K회
용사 파티는 이미 음마에게 패배했습니다	베리맛콘	120.4K명	55회차	5.8K회
여동생이 잠든 게 아냐	PIA1621238663433	109.8K명	35회차	5.8K회
잘못된 선택으로 TS마법소녀	해달친구수달	109.7K명	341회차	5.8K회
이세계 칼박이	제이너드	78.2K명	132회차	5.8K회
환생자의 레이드	담배맛젤리	97.5K명	186회차	5.8K회
호감도 능력이 고장났다.	3프로	136.9K명	37회차	5.8K회
아카데미의 페로몬 아가씨	글쓰는이브	58.6K명	142회차	5.8K회
전 여친이 쓴 소설 속 시한부가 되었다	Themext	84.9K명	70회차	5.8K회
내 게임 캐릭터가 살아났다!	berhard	98.3K명	172회차	5.8K회
영웅은 경비병을 사랑해버렸다	AJACK	101.4K명	104회차	5.8K회
강간 멈춰!	뮤밈바스터	64.7K명	18회차	5.8K회
악역영애에게 빙의했는데 죽고싶지 않다.	매직스컬	48.4K명	63회차	5.8K회
사망회귀로 살아가는 법 -리메 예정	비빔밥	44.5K명	39회차	5.7K회
나 빼고 다 조루인 이세계	범일동호랭이	150.9K명	160회차	5.7K회
아내와 나의 네토라세	총총K	176.8K명	113회차	5.7K회
회귀한 용사는 구원받았습니다.	호_810	72.9K명	94회차	5.7K회
무림 제일의 남창이 되었다	불고기만두	111.9K명	96회차	5.7K회
용사파티에서 배신당하자 옆집 누나하고 만든 SSS급 딸들이 복수를 시작합니다	투명마법사	148.1K명	102회차	5.7K회
하피해피	쿨라다이아몬드	65.1K명	197회차	5.7K회
용사 아카데미의 최면술사	안젤로씨	129.4K명	104회차	5.7K회
암살자지만 엘프 눈나에게서 도망칠 수가 없다	빠스타	81.6K명	49회차	5.7K회
아카데미 역대 최강 신입생이 되었다	모커모리	124.6K명	73회차	5.6K회
전 용사파티 마법사의 제자가 되었다	높은언덕	58.5K명	44회차	5.6K회
이세계에서 국왕으로 살아남기	휘이이이이이이잉	52.3K명	178회차	5.6K회
서큐버스 조교 어플 - 엄마와 나	카오칸	220.3K명	121회차	5.6K회
여자아이 만들기	아야노	56.8K명	78회차	5.6K회
본좌는 천마지만 보지는 3류에요오옷	백색소음	166.3K명	83회차	5.6K회
얀데레에게 찍혔습니다.	LOCOLOCO	88.2K명	121회차	5.6K회
유니콘 여신님과 돈미새 성녀님	꿈꾸는곰탱이	44.8K명	65회차	5.6K회
금태양인 내가 얀데레를 반하게 만든 건	고옴곰	124.2K명	136회차	5.6K회
나라 구한 보답은 국외추방	아르토리아	126.9K명	58회차	5.6K회
로판 악녀는 죽고 싶지 않아!	도박킹	43.1K명	81회차	5.6K회
50cm 초거대 자지가 되었지만 매일 섹스하지 않으면 죽는 병에 걸려서 근처의 여자들을 전	웰트	207.9K명	97회차	5.5K회
악몽을 사냥하는 소녀	sickmind	42.1K명	87회차	5.5K회
수사관 일리아스	Royallem	77.6K명	50회차	5.5K회
어떤 쇼타의 변태목록	우유조아	86.1K명	146회차	5.5K회
이세계 에세머	목줄	124.4K명	91회차	5.5K회
오크 영웅 이야기	뚠뚠곰	71.8K명	187회차	5.5K회
제국을 부활시켜라!	Maginot	63.5K명	92회차	5.5K회
피폐하여라, 절망함장	팩트는폭행이다	60.9K명	66회차	5.5K회
피와 모험가의 약속	딸기잼통조림	26.5K명	220회차	5.5K회
용사 파티의 도적 히로인이 되었다.	작가는자유에요	57.0K명	78회차	5.5K회
연하의 여친이 조교를 조르게 되었다	여일락	97.4K명	140회차	5.5K회
모녀는 거짓말을 하고 있다.	-1210	82.4K명	44회차	5.5K회
현대에 떨어진 무림색마	글떡	139.5K명	123회차	5.5K회
얀데레 그녀의 공대여신	오도로	112.2K명	95회차	5.4K회
시니컬 래빗	단풍도살자	51.4K명	200회차	5.4K회
여건달 백천화	쾌락없는책임	130.0K명	78회차	5.4K회
모르는 무협지에 빙의했지만 마법사가되었다.	에리아eria	83.6K명	141회차	5.4K회
초반에 고백하고 차이는 엑스트라에게 봄이 올 리 없다.	GAF24	141.5K명	129회차	5.4K회
하드보일드 마법 소녀	로우캣	37.9K명	90회차	5.4K회
구슬 삽입 후, 너희들은 내 노예 -	나비가면	172.1K명	74회차	5.4K회
빌런이 회귀했다	오늘아침	67.6K명	97회차	5.4K회
마녀 이야기	비화닮	52.8K명	304회차	5.4K회
귀축용사와 가고싶은 성기사	나쁜사람아니에요	72.1K명	182회차	5.4K회
팡머가 되었다.	난감해요	89.9K명	84회차	5.3K회
주인공인데 주인공이 아님	청시앙	46.7K명	43회차	5.3K회
소환 학원의 무신	○○고구마	127.7K명	105회차	5.3K회
여사친들을 모조리 따먹음	민트초코러버	111.9K명	27회차	5.3K회
신께서 바라신다.	폴리티카	43.7K명	92회차	5.3K회
암컷으로 타락하는 소설의 엑스트라로 빙의했다.	-2956	54.1K명	43회차	5.3K회
남자인 내가 여신이 돼버렸다	Lapiscrysis	93.6K명	104회차	5.3K회
아카데미 혁명 만세!	Loya	52.6K명	128회차	5.3K회
어떻게 각성 능력이 TS?	응애별	53.1K명	68회차	5.3K회
친구의 소설 속에 죽은 친구가 살아있다.	금연포기	67.9K명	116회차	5.3K회
악녀에게 사랑받는다	제트엘	69.4K명	56회차	5.3K회
나 혼자 이종족파티	마감생각	87.4K명	124회차	5.3K회
모험가의 은퇴생활	LOCOLOCO	71.1K명	65회차	5.3K회
남편을 아껴줘. 후회하지말고.	바람이내려앉은길	86.7K명	48회차	5.2K회
아카데미의 무능검신	디아스티마	148.2K명	69회차	5.2K회
이세계 15년차, 아카데미 교사가 되었습니다.	마눈	121.8K명	66회차	5.2K회
누나를 길들이다	LOCOLOCO	112.3K명	84회차	5.2K회
용사, 자고 일어나니 고추 사라짐.	서쪽의별	28.9K명	24회차	5.2K회
전체이용가인데 떡을 침	Sir Grant	106.6K명	103회차	5.2K회
죽어주세요, 성녀님	카페인조아	40.7K명	37회차	5.2K회
음란 용사 조교일지	좆돌청년	252.9K명	69회차	5.2K회
걸그룹 소설 속 엑스트라	하얀색	64.3K명	58회차	5.2K회
오토 모드는 대단해!!	허니봉	84.1K명	108회차	5.2K회
촉수와 서큐버스의 생활	큐브공간	68.6K명	151회차	5.2K회
인간 목장의 오크 관리자가 되다	파동포	101.2K명	51회차	5.2K회
마법소녀는 사이다 스트리머	단세포	70.7K명	94회차	5.2K회
소꿉친구는 쉬운 여자.	히든디자이어	200.3K명	486회차	5.2K회
아카데미의 부활녀가 되었다	Sir Grant	69.1K명	126회차	5.2K회
야만족장의 딸이 되어버렸다	흙흙우는흙	70.6K명	40회차	5.2K회
성녀님, 그거 말고 음식을 드세요	악의여간부	39.4K명	36회차	5.2K회
시간 정지로 꿀빤다	포도맛코트	276.5K명	185회차	5.1K회
친구 엄마랑 친구 먹기	미도파	189.3K명	133회차	5.1K회
악으로 살으리라	네이비드칸	115.1K명	135회차	5.1K회
천마, 쇼타가 되다	도닥붕	78.0K명	55회차	5.1K회
불행한 용사, H 양!	S4U해치	72.6K명	175회차	5.1K회
귀환했는데 세상이 멸망 직전이다	에르온	87.0K명	139회차	5.1K회
적나라한 던전생활	소설깍기	264.3K명	219회차	5.1K회
빙의 후 연금술사	리디디대마왕	80.0K명	84회차	5.1K회
뭐가 되든 현상금 사냥꾼	해씨	27.0K명	96회차	5.1K회
마왕은 어린 용의 메이드가 되었다	소고기뭇국	45.3K명	75회차	5.1K회
여동생이 쓴 허접소설에 빙의당했다.	사커스피리츠	79.3K명	35회차	5.1K회
진짜 악녀의 호위기사가 되었다	망향비빔국수	59.2K명	30회차	5.1K회
성욕 조작 어플	몹시죄송합니다	188.6K명	55회차	5.1K회
로판 속 노동자가 되었다	골구라이	54.8K명	40회차	5.1K회
꼬맹이가 된 내가 걸그룹과 함께 이세계 표류기	만장소나무	91.5K명	45회차	5.0K회
무협지 속 검귀가 되었다	아침엔아메리카노	110.7K명	85회차	5.0K회
사로잡힌 용사는 자지 노예가 되어 버렸습니다.	매직스컬	84.5K명	40회차	5.0K회
천하제일검에게 여자들이 집착한다	에르온	113.0K명	140회차	5.0K회
회귀자가 환생자를 사랑하는 법	Belladonna	56.3K명	84회차	4.9K회
일인군단	낙비	23.3K명	46회차	4.9K회
회귀자의 용사 파티 갱생법	lllllili	58.1K명	101회차	4.9K회
그 남자의 복수(무너지는 암캐들)	림스구구	184.3K명	236회차	4.9K회
인벤토리에 그녀가 귀속됐다.	벤티	65.9K명	64회차	4.9K회
찐따 영애의 렌탈남친	만신창이	35.4K명	40회차	4.9K회
혼파망 ts 갤러리	칠성현	51.5K명	130회차	4.9K회
야려보는 양아치학생이 되었다	무멈	59.2K명	79회차	4.9K회
초선이 되었다	유내비	56.6K명	71회차	4.9K회
회귀한 용사는 파업을 원한다	에르온	128.7K명	77회차	4.9K회
운빨망겜의 소환사가 되었다	벼루	70.9K명	85회차	4.9K회
임신으로 에이스 되자	공기깎는소년	110.6K명	235회차	4.9K회
네가 날기를 바란다면	화력발전소	29.1K명	58회차	4.9K회
레비아탄 크라이시스	오랏챠	67.9K명	191회차	4.9K회
파티원에게 범해지는 용사	카리메	80.9K명	61회차	4.9K회
아카데미 폐급교사	야광다이노	62.8K명	50회차	4.9K회
혈신문의 노예들	미미카	198.9K명	148회차	4.9K회
절대복종! 랜덤채팅!	이나무	163.4K명	152회차	4.9K회
내 여자친구가 되었다.	세이세르	47.8K명	45회차	4.8K회
용사 파티에서 탈주했습니다	김석삼	106.4K명	145회차	4.8K회
처음이란 말야	필르	41.9K명	107회차	4.8K회
1화NTR당한 용사의 부활회귀	눈썹이없는	92.8K명	70회차	4.8K회
나의 자매님에게는 마왕의 소질이 있다	마파감자	55.3K명	109회차	4.8K회
에로 만화 어플	삐이이타	120.6K명	135회차	4.8K회
압도적인 힘으로	계시난장고	50.4K명	112회차	4.8K회
주인공이 대물을 숨김	망령Y	133.8K명	114회차	4.8K회
플레이어가 되었습니다	작가J	105.9K명	184회차	4.8K회
바이킹은 놀이기구가 아니다	하리보매니아	46.1K명	37회차	4.8K회
이세계에서 여마법사로 사는 법	처음시작	58.5K명	95회차	4.8K회
소원이 이루어졌다	쿠루스	125.1K명	136회차	4.8K회
이세계 배달대행 라이더	금치	80.3K명	129회차	4.8K회
정조역전 이세계	용아람	134.3K명	150회차	4.8K회
D조의 청일점	넬브	81.5K명	115회차	4.8K회
판타지 세계의 좃냥이가 되었다	랜선고양이집사	80.0K명	216회차	4.8K회
최면의 짐승들	징검다리	157.7K명	199회차	4.8K회
서큐버스의 애완그녀	Rukya	71.5K명	70회차	4.8K회
전쟁인형의 귀환	고독향	97.2K명	16회차	4.7K회
용사 파티의 짐꾼	헬프앤젤	40.5K명	26회차	4.7K회
최흉기사와 환상기담	에폰	58.3K명	80회차	4.7K회
추방당한 용사는 마왕을 주웠다	돗돔	60.9K명	80회차	4.7K회
아카데미의 시한부 엑스트라가 되었다	엘제논	83.7K명	60회차	4.7K회
외전 속 악역은 살고 싶다	몽글몽를	76.0K명	45회차	4.7K회
금태양 파티의 힐러가 되었다.	탑갱플리즈	79.3K명	46회차	4.7K회
사나이(였던 것)	찰떡핏	89.4K명	85회차	4.7K회
내게 너무 과분한 그녀들	일월	252.7K명	175회차	4.7K회
역전세계에서 운동했더니	BichaelYackson	76.2K명	68회차	4.7K회
피대신 사이다가 흐르는 대공자	로드오브데빌	187.4K명	223회차	4.7K회
분명 용사였습니다.	별을따서	51.6K명	31회차	4.7K회
회귀 용사와 죽기 싫은 성녀님	돗돔	40.3K명	84회차	4.7K회
S급 헌터 앞에서 자살해보았다	신지유미드	84.9K명	41회차	4.7K회
야설 속에서 살아남기	빨강	83.3K명	59회차	4.7K회
TS녀에게 인권이 없는 건 상식	반인간	85.6K명	48회차	4.7K회
서큐버스 공주님은 남자는 안 꼴리고 거유 백마 미소녀가 꼴려	Endseig	100.9K명	168회차	4.7K회
쓰레기 같은 년들은 달라지지 않았다	삐앙민	91.9K명	16회차	4.6K회
용사파티 유열에 미친 마법사	붉은피안화	56.5K명	35회차	4.6K회
이세계 순애조교 위강력간물	죄악	146.2K명	116회차	4.6K회
아이템으로 다해먹는 연금술사	으차차	101.9K명	108회차	4.6K회
아카데미 얼굴천재가 되었다	4cachips	317K명	212화	
그래도 살아간다	AngelTear	8.28M명	302화	76K회
업어 키운 걸그룹	burn8	6.74M명	234화	239K회
별을 품은 소드마스터	Q10	3.37M명	286화	139K회
오궁도화	Royallem	963K명	134화	79K회
강철의 열제	가우리	1.2M명	1716화	
전생하고 보니 크툴루	감기도령	1.76M명	231화	93K회
랭커는 모범생인 게 학계의 정설	갱준	329K명	318화	
망겜의 성기사	검미성	3.91M명	206화	166K회
안 보이는 투명츄	고하솜	2.58M명	554화	64K회
잘 보이는 무림티비!	고하솜	2.44M명	207화	87K회
무한전생-나는 히어로인데 우리 형은 무한전생자	광악	150K명	307화	
약먹는 천재마법사	글근육	12.8M명	546회	530K회
카드 아카데미 1타강사	글리세롤	1.54M명	227화	58K회
마왕은 학원에 간다	글쟁이S	421K명	703화	
필리아로제 - 가시왕관의 예언	김영지	2.00M명	163화	
마검왕	나민채	1.23M명	850화	
달빛조각사	남희성	5.59M명	1450화	
마법소녀 아저씨	냥둘러치기	165K명	411화	
천재 흑마법사	노란커피	5.09M명	334화	
우주천마 3077	녹색여우	3.20M명	252화	126K회
간도진위대	듀이 문	82K명	730회	
메모라이즈	로유진	1.1B명	1070화	1.29M회
탐식의 재림	로유진	13M명	549화	180K회
간신이 나라를 살림	루이세	222K명	261회	
남자주인공의 여자사람친구입니다	류희온	2.21M명	
나 혼자 만렙 뉴비	메슬로우	44.4M명	518화	
검은머리 미군 대원수	명원	18.2M명	520화	
쥐뿔도 없는 회귀	목마	10.4M명	428화	349K회
나 혼자 소드 마스터	무영자	409K명	698화	
납치 감금에서 시작되는 우리들의 사바트	무영자	360K명	113화	
갓 오브 블랙필드	무장	843K명	581화	
사랑받는 막내는 처음이라	미래나비	327K명	215화	
이세계 불법체류 사이비	미츄리	9.07M명	631화	
아카데미 고인물이 다 해먹음	민트맛맥콜	2.84M명	382화	80K회
템빨	박새날	1.67M명	1617화	34K회
개경 세원록	박소헌	120K명	72화	
갬블링 1945	박스오피스	6.40M명	318화	
데몬 소드	백수귀족	2.72M명	241회	127K회
검은 여우 독심호리	별도	419K명	956화	
갓 오브 하이스쿨 - 이클립스	블로D	5.1K명	81화	
강화학개론	빈형	320K명	363화	
회귀도 13번이면 지랄 맞다	사자혼	2.98M명	334화	
드리시스 황립수사대	샤이멜	75K명	300화	
내 남편과 결혼해줘	성소작	35.8M명	181화	
공작가 막내는 원샷원킬	시공전사	406K명	225화	
쌍둥이 남매의 뉴라이프	아이데라	505K명	287화	
혐오스런 스팬담의 일생	아이스킹	20M명	141화	
약관 동의는 신중히	알콜중독	2.81M명	132회	322K회
소공녀 민트	오윤	6.22M명	154화	
괴담 동아리	오직재미	453K명	460화	
블루멘크란츠	오케스트럴	200K명	200화	
거짓말쟁이 소녀	욘꼰	166K명	70화	20K회
신사와의 기묘한 계약	유세라	4.35M명	153화	
건달의 제국	유헌화	100K명	142화	1.5K회
꽃은 묵은 가지에서 피네	윤민	43K명	138화	
안녕하세요, 학원 나웰론에 오신 것을 환영합니다!	윤시현A	750K명	227화	21K회
간택-왕들의 향연	윤이수	7.64M명	215화	40K회
해시의 신루	윤이수	11.1M명	150화	
검을 든 꽃	은소로	1.33M명	211화	
무당기협	은열	1.22M명	630화	
무당기협: 선계여의 편	은열	1.22M명	630화	
이별 후 사내 결혼	이달리	2.70M명	102화	
완벽한 결혼의 정석	이범배	8.01M명	109화	
오크지만 찬양해	이정민	1.40M명	237화	
공작부인의 50가지 티 레시피	이지하	728K명	235화	
전투종족으로 환생한 나의 공무원 생활기	일계	648K명	459화	
신마경천기	일황	609K명	216화	
탑 매니지먼트	장우산	16.1M명	219화	498K회
묵향	전동조	896K명	905화	26K회
같은 꿈을 꾸다 in 삼국지	조경래	65K명	507화	
소설 속 엑스트라	지갑송	20.5M명	479화	666K회
악당은 살고 싶다	지갑송	167K명	359화	
내 딸은 얼굴 천재	진혁	292K명	257화	
부디, 레오네라 불러주시길	챵	930K명	212화	17K회
에이스 On 모비딕	천누	3.17M명	123화	86K회
월드메이커	취룡	2.16M명	214화	89K회
아카데미 편의점으로 힐링 할게요	커피는카누	2.85M명	392화	118K회
무림서부	컵라면.	4.93M명	272화	272K회
아카데미에서 살아남기	코리타	7.02M명	251화	283K회
강철의 전사	쿠우울	253K명	1232화	
개노답 환상향	쿠폰노예카쿠로	2.79M명	708화	137K회
납골당의 어린 왕자	퉁구스카	9.27M명	484화	299K회
제국사냥꾼	퉁구스카	3.09M명	396화	
검은 속죄	트리플베리	723K명	151화	
언어에 담기는 힘. 문장사(Writer)	페리시온	60.8K명	71화	3.39K회
가짜 황자비의 위험한 신혼일기	페페토	870K명	120회	4.5K회
신 고구려전기	풍아저씨	3.77M명	312화	130K회
후회 안 하는 프로듀서	하나호	5.52M명	468화	
메이지 슬레이어	학인생	1.16M명	257화	63K회
신세기 1년	한상태	220K명	351화	
무림 속 외노자가 되었다	함초소금	4.16M명	354화	158K회
걸그룹 소설 아닌데요?	행운요정	2.33M명	249화	94K회
아도니스	혜돌이	1.50M명	614화	
모스크바의 여명	황장미	5.25M명	1020화	
검술명가 막내아들	황제펭귄	1.78M명	815화	
애독자의 복선 회수일지	후루바	5.24M명	475화	167K회
회귀자 사용설명서	흙수저	7.32M명	1402화	108K회
러스트	글라딘	5.64M명	312화	217K회