노피아	UNDEF
노피	피폐 (여)용사를 노예로 사들였다.
정실	이세계 왕실의 가정교사
장갤	UNDEF
아카살	아카데미에서 살아남기
공모전	우주최강 공모전에 소꿉친구 더블TS물로 참전했다
창작물	창작물 속으로
전1시	전지적 1인칭 시점
괴담동	괴담 동아리
재밌음	UNDEF
표지	UNDEF
카카페	UNDEF
재밌	UNDEF
미래편지	미래에서 온 연애편지
악살싶	악당은 살고 싶다
문피아	UNDEF
빌환	빌어먹을 환생
후회프듀	후회 안 하는 프로듀서
나작소	나작소 작가에게 감금당했다.
석화	15일뒤 석화에서 풀리는 용사
웹소	히로인과 웹소설을 같이 쓰고 있습니다
노벨피아	UNDEF
검머외	이세계 검은 머리 외국인
노벨피	UNDEF
연재	연애실패자 재결합 공식
아카빵	히어로 아카데미의 롤빵머리 악역영애
외전	외전 속 악역은 살고 싶다
마녀시티	UNDEF
문피	UNDEF
장붕이들	UNDEF
메나죽	메인 히로인들이 나를 죽이려 한다
태그	UNDEF
완결	완벽한 결혼의 정석
전개	전직 총잡이였던 내가총이 미개한 세계에 이세계 소환되었다고?
설정	빙의된 소설에 뒷설정이 너무 많다
종말갤	종말 후 외톨이 갤러리
대마대	대마법사였던것은 다시 대마법사를 꿈꾼다
약관동	약관 동의는 신중히
장붕	UNDEF
타락성녀	절대 타락시키는 용사, 절대 타락하지 않는 성녀
팬아트	UNDEF
웹소설	히로인과 웹소설을 같이 쓰고 있습니다
피폐	피폐 (여)용사를 노예로 사들였다.
약관	약관 동의는 신중히
의외	변방의 외노자
이블파티	UNDEF
매도엘프	매도당하고 싶은 엘프님
아카쿠	UNDEF
시우	납치 감금에서 시작되는 우리들의 사바트
휴재	UNDEF
석화용사	15일뒤 석화에서 풀리는 용사
아카데미물	아카데미 고인물이 다 해먹음
예니카	UNDEF
무림서부	무림서부
필력	UNDEF
악영싫	악역 영애가 되긴 싫어
공지	빙의자는 주인공을 꿈꾸지 않는다
재미	UNDEF
미츄리	UNDEF
악영길	악당영애 길들이기
악신살	악신에게서 살아남기
약먹마	약먹는 천재마법사
회맹성	회귀자와 맹인 성녀
세계관	이세계 특수 관리직
장르	UNDEF
라노벨	라노벨 속 악역이 되었다
안보	안 보이는 투명츄
아포사이비	아포칼립스 사이비 교주
애초	UNDEF
때문	추방되었던 마검사가 사실 파티의 기둥(물리)이었기 때문에 용사의 히로인들이 뒤늦게 매달려옵
순애물	이세계 순애조교 위강력간물
이번화	UNDEF
최신화	UNDEF
주빌런	주인공이 빌런임
히강악	히로인을 강탈한 악당이 되었다
나혼소	나 혼자 소드 마스터
아멜리아	UNDEF
소엑	소설 속 엑스트라
무림티비	잘 보이는 무림티비!
재밌다	UNDEF
그살	그래도 살아간다
무노	무림 속 외노자가 되었다
루시	루시페리아R
하차	초반에 고백하고 차이는 엑스트라에게 봄이 올 리 없다.
목마	UNDEF
인방물	추방되었던 마검사가 사실 파티의 기둥(물리)이었기 때문에 용사의 히로인들이 뒤늦게 매달려옵
마녀도시	마녀의 도시
묘사	신사와의 기묘한 계약
에반데	UNDEF
용파때	용사 파티 때려치웁니다
분충	UNDEF
나중	방구석 게임중독 데스나이트
겜바바	UNDEF
못보	UNDEF
드리프트	UNDEF
용파짐	용사 파티의 짐꾼
엘렌	UNDEF
편결	내 남편과 결혼해줘
일편독심	일편독심
드유	그 매니저가 헌터 길드에서 퇴사한 이유
개연성	얼굴이 개연성인 용사의 후임
결말	UNDEF
휴즈	UNDEF
남매역전	UNDEF
글쟁	무협 미연시의 오랑캐 글쟁이
아카편의점	아카데미 편의점으로 힐링 할게요
마음	뉴투브속 그녀들을 내 마음대로
얼굴천재	얼굴천재가 축구를 잘함
루크	블루멘크란츠
지갑송	UNDEF
여캐	여캐충이 게임 속 자캐가 되었다
마학간	마왕은 학원에 간다
4드론	UNDEF
소설들	소설들로 들어갈 수 있다
히로히	히로인이 히로인을 공략함
소신발언	UNDEF
조아라	UNDEF
상태창	나만 상태창 없어
깐프	UNDEF
홍보	UNDEF
성유진	UNDEF
주술초월	주술사는 초월을 원한다
매도깐프	UNDEF
투기장	귀쟁이 투기장의 역배 기사님
백합	백합소설 속 빌런에 빙의했다
피폐물	피폐물 로판 여주들이 내게 집착한다
암타	이세계 용사의 무기는 암컷타락
마저씨	마법소녀 아저씨
불쌍	나 불쌍한 사람 아니라고
데몬소드	데몬 소드
샤피	UNDEF
해리포터	UNDEF
에피	꽃은 묵은 가지에서 피네
삽화	UNDEF
겜판	UNDEF
현대	현대 던전은 나만의 기회
게이살	UNDEF
다음화	UNDEF
실비아	UNDEF
진지	UNDEF
부분	UNDEF
이불사	이세계 불법체류 사이비
재밌는데	UNDEF
파트	괴담아파트 생존일지
헌터물	게임캐릭터로 헌터물이라니....
13회귀	회귀도 13번이면 지랄 맞다
캐빨	UNDEF
원작	원작 따위 알 게 뭐냐
기대	역전세계의 여친이 나에게 네토라세를 기대한다.
모스크바	모스크바의 여명
고구마	UNDEF
중세	중세 하수도에서 악어로 살아남기
예수천국	예수천국 불신지옥
섦꽃	UNDEF
에드	절대 엘드미아 에가를 건드리지 마라
창염	창염의 피닉스
세탁	UNDEF
히집악	히어로가 집착하는 악당이 되었다
짐꾼	짐꾼에서 S급 힐러가 된다.
1525	UNDEF
2부	23세 유부남입니다
아카게이살	UNDEF
메모라이즈	메모라이즈
하렘물	하렘물 두 번째 히로인의 집사가 되었다.
엘시	UNDEF
몰루빙	UNDEF
세최딸	세계 최강 딸내미
장르소설	UNDEF
초반부	UNDEF
템빨	템빨
따옴표	UNDEF
눈마새	UNDEF
볼거	UNDEF
렉카	UNDEF
전작	던전 속 확률 조작범이 되었다
이밀헌	이세계 밀프 헌터
후회물	후회물의 찐따 남주로 빙의했다.
개돌	UNDEF
티르	UNDEF
여주물	미친 여주 복수물에 초반 메인빌런으로 빙의했다
이예르폴	오, 이예르! 이예르폴!
안나오	안녕하세요, 학원 나웰론에 오신 것을 환영합니다!
정리	UNDEF
떡타지	떡타지의 성전사가 되었다
음습	용사 파티는 이미 음마에게 패배했습니다
메모	메모라이즈
정판	철혈로 정복한다 확장판
이프린	UNDEF
소꿉천마	소꿉친구는 천재 마법사
플랫폼	UNDEF
실화	이 헌터 실화냐?
빌드업	UNDEF
마왕학원	마왕은 학원에 간다
갑송	UNDEF
생각남	UNDEF
아카방해	아카데미 주인공, 방해합니다.
아카편	아카데미 편의점으로 힐링 할게요
뭉치	UNDEF
조노블	UNDEF
자븝미	자해하는 미친 븝미
전생마왕	전생마왕의 합리적인 생존전략
1화	15일뒤 석화에서 풀리는 용사
시점	전지적 1인칭 시점
로르텔	UNDEF
해적영애	저주받은 해적선장과 빡대가리 해적영애
러스트	러스트
웹툰화	UNDEF
전툴루	전생하고 보니 크툴루
수정	수상할 정도로 경험이 많은 회귀자
행복	행복하게 만들고 싶다
그것	UNDEF
안봤는데	UNDEF
탑매	탑 매니지먼트
체육고	UNDEF
묵힌거	UNDEF
클리셰	UNDEF
아카검머외	아카데미 검은머리 외국인
아니스	아도니스
고블린	고블린 기사
아카매점	아카데미 최강의 매점아저씨
누렁이	UNDEF
전투씬	UNDEF
남성향	UNDEF
표절	UNDEF
무카살	무림에서 카드로 살아남기
검미성	UNDEF
감옥학원	감옥학원에서 나만 힐링할거다
여성향	UNDEF
하멜	UNDEF
노맨스	UNDEF
분양	회귀자가 기연을 분양함
고속도루	UNDEF
수상남매	수상할 정도로 사이가 좋은 남매
루미네	UNDEF
로맨스	로맨스 판타지의 악당이 되었습니다
사자혼	UNDEF
괴담	괴담 동아리
알콜중독	UNDEF
아카경비	아카데미 경비원으로 빙의당했다
반로환동전	UNDEF
메슬	메이지 슬레이어
먼치킨	아카데미 최약체는 마족 한정 먼치킨이 되었다
조무송	UNDEF
이혼물	UNDEF
정체	랭킹 1위의 정체는 미소녀였습니다
인생픽	UNDEF
아카메디	아카메디 아카데미
회귀13	회귀도 13번이면 지랄 맞다
마약소꿉	마약 소꿉친구가 되었다
정통무협	UNDEF
암살영애	전직 암살자는 귀족영애가 됩니다
연중성녀	UNDEF
옥탑방	옥탑방 엘프
탐재	탐식의 재림
본사람	UNDEF
약관동의	약관 동의는 신중히
분충들	UNDEF
상상	초인 망상러 - 일상생활 가능하세요?
정통	라노벨의 정통 소드마스터
상남자	남녀역전 세계 여자들을 NTR하는 상남자
말포	UNDEF
일러스트	UNDEF
회사설	회귀자 사용설명서
경성훈타	UNDEF
국룰	UNDEF
반지하	반지하 오크
초인	초인 망상러 - 일상생활 가능하세요?
빙의물	UNDEF
오직재미	UNDEF
연재주	UNDEF
경성헌터	경성의 헌터 아카데미
무공	이세계 무공 암살자
입장	UNDEF
1부	1코스트 영혼병은 부활한다
캐빨물	UNDEF
오지	오크지만 찬양해
스자헌	UNDEF
남캐	그 남자의 복수(무너지는 암캐들)
쌍둥이	쌍둥이 남매의 뉴라이프
정액제	UNDEF
완장들	UNDEF
유행	UNDEF
프롤로그	UNDEF
작품들	UNDEF
샤론	UNDEF
테오라드	UNDEF
레오네	부디, 레오네라 불러주시길
악당들	악당영애 길들이기
별꽃라떼	UNDEF
아멜리	UNDEF
개쩌	UNDEF
혐성	UNDEF
드립	랜덤 카드 뽑기로 아포칼립스에서 살아남는 법
율리	UNDEF
던1디	UNDEF
떡씬	UNDEF
전1독시	UNDEF
훈타물	UNDEF
몇화	UNDEF
스급집착	UNDEF
에이비	에이스 On 모비딕
마최물	마법소녀 최면물
소꿉전여친	날 차버린 소꿉친구와 전 여친이 같은 반이라 곤란하다
댓글창	UNDEF
달조	달빛조각사
별품소	별을 품은 소드마스터
리카	꼴통 영애와 골 때리는 아카데미 생활
임기	회귀해서 게임하기로 했다
대여점	UNDEF
어떠	겜창 동거녀와 순애는 어떠신가요?
장붕이	UNDEF
해피엔딩	그러나 해피엔딩
무틀딱	UNDEF
히로보디	히어로 보디가드
노벨쨩	UNDEF
장마갤	UNDEF
뱃지	UNDEF
튜토하드	UNDEF
우주괴물	진화하는 우주괴물이 되었다
하렘순애	UNDEF
다봤다	UNDEF
잘쓰	UNDEF
괴물서커스	괴물서커스단의 단장이 되었다
천재흑마	천재 흑마법사
뒷광고	UNDEF
누렁이들	UNDEF
위니아	UNDEF
순간	이세계 순애조교 위강력간물
용파짐꾼	용사 파티의 짐꾼
문장	언어에 담기는 힘. 문장사(Writer)
원신	은퇴한 회귀용사의 두 번째 구원신화
아카야겜	아카데미 야겜에 빙의했다.
감우	납치 감금에서 시작되는 우리들의 사바트
인하윤	UNDEF
아카선비	아카데미 선비의 생활일지
자해븝미	자해하는 미친 븝미
착각물	UNDEF
재밌었는데	UNDEF
용키	용사 키우기
우주천마	우주천마 3077
대단	내 휴대폰에서 군단이 자란다
남동생	남동생이 동생으로 안 보여서 고민이에요
보다보	UNDEF
나작소감금	나작소 작가에게 감금당했다.
겜4판	UNDEF
캇트	UNDEF
여왕죽	여왕을 죽여라
현판	UNDEF
맹인성녀	회귀자와 맹인 성녀
리메이크	UNDEF
츤데레	츤데레 눈앞에서 자살해보았다
유입	23세 유부남입니다
하나호	UNDEF
어질어질하	UNDEF
귀축교사	귀축교사
정실력	UNDEF
아카쿠로	UNDEF
카드아카	카드 아카데미 1타강사
내벞마	UNDEF
논검	UNDEF
대역물	대역물의 주인공은 가챠게임이 싫다.
커담동	UNDEF
도적	나 홀로 압도적 솔로플레이
튜토리얼	튜토리얼이 너무 어렵다
김갈비뼈	UNDEF
독자들	UNDEF
최종보스	마법소녀물 야겜 속 최종보스가 되었다
순문	UNDEF
제냥꾼	제국사냥꾼
친애언니	친애하는 언니께
백야	백야
마렵	UNDEF
안쓰	UNDEF
걸소	걸그룹 소설 아닌데요?
탄압	UNDEF
불사성녀	UNDEF
아찐네크	아싸 찐따 네크로맨서
써줘용	UNDEF
결제	UNDEF
이준	새 가족이 너무 잘해준다
딥블랙시티	딥블랙시티
궁금한	UNDEF
천마걸즈	UNDEF
이상함	UNDEF
업키걸	업어 키운 걸그룹
하차함	UNDEF
확실	UNDEF
판작살	판타지 세상에서 작가로 살아가는 법
제왕	필리아로제 - 가시왕관의 예언
재밋음	UNDEF
시스템	서큐버스 시스템
나혼렙	나 혼자 만렙 뉴비
아팔루사	UNDEF
나강림	UNDEF
묵향	묵향
100화	이세계에서 100년동안 화력발전했으니 사직합니다.
빡대용	빡대가리 용사파티의 용사가 되었다
심해탐사	UNDEF
델핀	UNDEF
해결	UNDEF
캣파	UNDEF
악녀호위	로판 속 악녀의 호위기사가 되었다
율곡	UNDEF
상태	나만 상태창 없어
쥐뿔	쥐뿔도 없는 회귀
아쉬움	UNDEF
구진엑	구라 안치고 진짜 엑스트라
장우산	UNDEF
안봄	UNDEF
여소빙	여러 소설에 동시에 빙의당했다
꽌시우	UNDEF
최면물	마법소녀 최면물
완성	애완 성녀
100	100일 후에 거세 당하는 황녀님
홍보글	UNDEF
보는사람	UNDEF
헤일라	UNDEF
탑툰	UNDEF
천하소꿉	천하제일인의 소꿉친구
어반흑막	어반판타지속 흑막이 되었다
코리타	UNDEF
망겜성	망겜의 성기사
다행	UNDEF
회귀물	UNDEF
귀여움	UNDEF
등장인물	UNDEF
혐오	혐오스런 스팬담의 일생
오궁도화	오궁도화
파랑손	UNDEF
빙의하	UNDEF
닉잘못	닉네임을 잘못 정했다
올힘폭군	UNDEF
납골당	납골당의 어린 왕자
베르무트	UNDEF
몇명	UNDEF
카카스	UNDEF
후기	UNDEF
